engagement_score,nps_score,product_adoption_rate,payment_failures,support_tickets_last_30d,customer_age_months,cac_payback_months,active_users_ratio,contract_length_months,churn_risk_flag,churn
0.3745401188473625,-54,0.664911724487218,9,23,27,17.496779784915308,0.7600349018031739,1,1,1
0.9507143064099162,-89,0.7954499607897292,6,10,41,22.845505356191943,0.04876631881314042,12,1,1
0.7319939418114051,-39,0.9271778194794527,4,45,16,17.333350054110298,0.8437287927102575,11,0,0
0.5986584841970366,-21,0.23464208185545354,4,33,34,9.963953831264513,0.43804407590538375,12,0,1
0.15601864044243652,-18,0.39931591580930814,4,27,32,13.512165666047457,0.34239512329585964,7,0,0
0.15599452033620265,-93,0.15241601333041743,0,4,26,16.560225910372125,0.5464763610253764,11,1,1
0.05808361216819946,48,0.9924835021583752,7,4,25,13.721978583298576,0.09135324272355583,31,0,1
0.8661761457749352,-20,0.9270009679242953,0,20,2,5.519011776350366,0.7566465493523988,33,1,0
0.6011150117432088,17,0.5399571302805596,3,11,12,9.553344937692433,0.5824350768882959,13,0,0
0.7080725777960455,97,0.8420332943764213,8,49,40,19.850316641626282,0.18659009687316752,18,1,0
0.020584494295802447,99,0.5209579772720422,8,3,9,21.089778968005866,0.1882321997690456,24,1,1
0.9699098521619943,-76,0.6235856880027597,4,48,12,5.883300687026975,0.18424865157267423,9,0,0
0.8324426408004217,-12,0.08912443211601662,3,41,26,23.00012180037322,0.057002387551933986,31,1,1
0.21233911067827616,-89,0.7552704204968079,2,19,9,9.905274974820795,0.5877984493716848,10,1,1
0.18182496720710062,42,0.12771348363523483,2,37,10,16.90858851334512,0.8403481775885081,2,1,1
0.18340450985343382,-42,0.8260676302525284,4,24,32,18.788328065090305,0.0174982139873886,15,0,1
0.3042422429595377,53,0.7820280876703859,9,13,57,20.05087092739555,0.04900464497127355,3,1,0
0.5247564316322378,8,0.7087446977429764,0,10,34,22.860743746744532,0.5727702766869458,31,0,0
0.43194501864211576,-75,0.036160380524762115,4,31,48,9.571310508605276,0.8194956853860523,6,0,1
0.2912291401980419,-54,0.3031283559453286,5,10,20,21.028635545582645,0.3267388905686336,3,1,1
0.6118528947223795,-69,0.26311256991084286,6,17,39,5.765424972160348,0.34961439880772216,11,0,1
0.13949386065204183,-91,0.3601364074715191,8,26,2,17.80585903342545,0.5963464974967759,15,1,1
0.29214464853521815,-85,0.08764274676383854,2,17,1,18.581532319793702,0.274212889124147,28,0,1
0.3663618432936917,98,0.9369578230310628,1,22,51,17.23218806522773,0.02660836607768413,10,1,1
0.45606998421703593,44,0.5538022407123763,2,10,36,8.298609458838213,0.7352285181015961,7,0,0
0.7851759613930136,50,0.30552431065802355,8,20,24,21.33390608731927,0.6256499129414531,15,1,1
0.19967378215835974,-75,0.3969815170742834,6,43,54,6.546027730778295,0.5807559990556591,18,1,1
0.5142344384136116,-15,0.44720254050483565,8,4,27,4.126330621937448,0.7416841289918231,18,1,0
0.5924145688620425,34,0.6005943333606173,1,22,2,18.066764802850155,0.6752308375620375,24,1,1
0.046450412719997725,-87,0.5156794276964978,4,40,31,12.984990019887407,0.20588198817832115,2,0,0
0.6075448519014384,-22,0.9193919732144173,3,24,57,20.831058419132198,0.35248104694335114,20,0,0
0.17052412368729153,16,0.49696348290583026,1,40,14,11.051339962223437,0.126110141678625,34,1,1
0.06505159298527952,-94,0.9921580148233127,8,9,2,6.533850358661969,0.12985701341788103,26,0,1
0.9488855372533332,36,0.8514249577450957,8,21,29,20.565286041867264,0.6761957463565392,7,1,0
0.9656320330745594,14,0.2085105143573358,5,18,15,14.527102264441504,0.8586001069824982,30,1,0
0.8083973481164611,75,0.9305952146439163,5,0,12,6.973111640197453,0.962732583861139,5,0,0
0.3046137691733707,-29,0.11636639788547609,7,6,37,18.12806397031536,0.6283471175494444,11,0,1
0.09767211400638387,-42,0.8174497084911916,5,3,28,13.733386408279511,0.18410132336095697,1,1,1
0.6842330265121569,-19,0.3806232934765801,0,0,20,15.690572627046716,0.1056503454489307,34,0,0
0.4401524937396013,15,0.8779743204450695,3,14,39,12.67886510233822,0.8128509715367578,1,1,1
0.12203823484477883,66,0.8680566901074503,6,39,24,20.402888660178135,0.5787564763599993,19,0,1
0.4951769101112702,45,0.8059254001176211,1,11,21,20.420817029344047,0.6182850210137198,2,0,1
0.034388521115218396,86,0.7900304363070614,8,21,10,17.89716525831211,0.7814620887547092,21,0,0
0.9093204020787821,2,0.3046791390980408,7,21,46,5.213428925325708,0.7032772277324516,20,0,0
0.2587799816000169,-84,0.08091928305125218,7,49,14,20.615931099985445,0.8344582528560966,23,0,1
0.662522284353982,-87,0.40298017876516146,6,46,37,17.091272591191107,0.05621390545987848,21,1,1
0.31171107608941095,58,0.17352451498650867,3,16,18,17.63750748609029,0.7475206367465048,24,0,0
0.5200680211778108,51,0.6949510889024617,1,28,24,10.622639648481304,0.8508527573220954,4,0,0
0.5467102793432796,7,0.34609972653778553,2,45,14,21.464870679297142,0.28613504245831434,12,1,1
0.18485445552552704,87,0.9756102008599149,5,13,34,18.23280360493201,0.6404472739932529,22,1,0
0.9695846277645586,-56,0.640972077345332,4,49,58,5.364399797113084,0.3141620638369721,20,1,0
0.7751328233611146,-3,0.822480563634361,7,19,12,11.563338722529416,0.957971066482454,18,0,1
0.9394989415641891,30,0.13252467274184843,5,49,22,21.613987601162975,0.03342357243550376,1,0,0
0.8948273504276488,-64,0.8620144822726226,5,47,56,3.991130735644959,0.579792843832955,30,1,1
0.5978999788110851,70,0.9227571905133943,0,32,6,23.18974901248304,0.1665035470495151,33,1,0
0.9218742350231168,67,0.4870619188189359,3,42,36,17.262413934710818,0.7122202051771587,24,1,1
0.0884925020519195,82,0.6062529377509774,4,14,45,16.25889553051091,0.17589028341866209,14,1,1
0.1959828624191452,7,0.7648098009029954,2,11,36,8.68174438624782,0.23538326189835757,5,0,0
0.045227288910538066,-62,0.17483862726041255,8,39,22,8.224627563522718,0.4943708110457581,11,0,1
0.32533033076326434,-86,0.5025660764634424,0,19,14,22.783222609260505,0.9148349499968781,24,0,0
0.388677289689482,19,0.3986630277723131,5,29,16,9.263721538916577,0.21171437214797084,31,0,0
0.2713490317738959,-97,0.1463739921622491,5,37,36,19.285611231098986,0.14424002111810352,13,0,1
0.8287375091519293,-8,0.36753442229153144,9,2,56,11.255557762348662,0.7589768318540306,16,1,0
0.3567533266935893,52,0.06817230938549357,4,27,25,5.924335486478784,0.500619532333931,24,0,0
0.28093450968738076,40,0.025811906949486985,4,25,32,3.225021251602538,0.9117851123817714,13,1,0
0.5426960831582485,60,0.13516628915482276,9,29,33,14.429404077320267,0.14661455715984228,24,1,1
0.14092422497476265,-85,0.9631151115891738,4,12,45,23.491355189527585,0.6459278930230393,26,1,1
0.8021969807540397,69,0.549529535895017,5,12,36,10.751860069993295,0.23287914615181504,2,0,0
0.07455064367977082,7,0.96582216115322,7,1,20,10.50103901385394,0.1567604286516393,16,1,1
0.9868869366005173,25,0.432497878330132,1,36,18,10.225923974838285,0.6834294151572705,1,0,0
0.7722447692966574,93,0.3118161330852596,5,48,38,13.931420583402026,0.5936846199087332,11,1,0
0.1987156815341724,-46,0.5061418628402441,0,37,3,12.253962551910165,0.7548274583623312,35,0,1
0.005522117123602399,69,0.4395116886329101,3,1,23,21.478207161267303,0.30946257644618236,29,1,1
0.8154614284548342,-67,0.10566468426174391,9,35,32,13.615936626193296,0.44797165638218994,17,0,1
0.7068573438476171,57,0.6408263146902062,2,25,45,13.662914601959944,0.4054716763304185,28,1,0
0.7290071680409873,-88,0.2160381825095996,8,10,59,5.905803489131689,0.9840894639665142,29,1,0
0.7712703466859457,40,0.6195879548978296,2,7,16,23.637530359118106,0.2922489567393879,3,1,0
0.07404465173409036,-83,0.6502010923981534,5,43,59,8.249430708245423,0.2948172383467669,10,1,1
0.3584657285442726,59,0.1520248531286481,0,39,5,4.540645416651656,0.3545482088286074,14,0,1
0.11586905952512971,-5,0.06134962711066816,5,42,4,16.926071228479387,0.5645940812903215,12,0,1
0.8631034258755935,22,0.7807615860684398,3,21,21,15.502693773294325,0.25232274426374524,30,0,0
0.6232981268275579,-62,0.4598004237693202,7,19,40,11.718058733847661,0.9152899403792739,32,1,1
0.3308980248526492,-55,0.05816379550547579,8,7,51,11.86603691149424,0.2656855648662635,32,1,1
0.06355835028602363,-72,0.9948663171697671,3,28,14,19.486342341975053,0.8958157315601947,32,1,0
0.3109823217156622,89,0.05778056099636664,9,39,39,7.10996544209263,0.10347506364658465,26,1,1
0.32518332202674705,-39,0.6950352288585532,9,25,31,20.225319697842686,0.6565627023996523,1,1,1
0.7296061783380641,84,0.9836789252634136,5,29,14,16.62368939179538,0.9069855184382437,2,1,0
0.6375574713552131,-85,0.23918010421592562,0,16,6,11.798365249370011,0.16874943839822953,17,0,1
0.8872127425763265,83,0.14224936868719618,3,19,12,12.618600948261241,0.968326960099255,30,0,0
0.4722149251619493,20,0.1213849394224289,6,15,16,8.389591350908011,0.4528833604155117,7,0,1
0.1195942459383017,-91,0.30327514756759555,0,45,17,18.79440098663647,0.9457151084410245,27,0,0
0.713244787222995,57,0.10104581101064669,7,42,45,13.770369588410622,0.676820043630047,9,0,0
0.7607850486168974,52,0.6921613416941319,9,6,23,9.737945397746715,0.30158686987355154,22,0,0
0.5612771975694962,2,0.06229179813006269,5,15,14,15.517052430979955,0.18830252491710642,34,0,1
0.770967179954561,-17,0.5094221281497897,4,44,7,23.910423493077783,0.3037350462250994,1,0,0
0.49379559636439074,32,0.9966968538529768,9,46,46,12.14050787278763,0.09301740926267499,9,1,1
0.5227328293819941,-36,0.8139702695060188,8,47,32,22.33451941635101,0.14386796634332977,20,1,1
0.42754101835854963,76,0.6152194382310109,1,26,15,10.245353638415889,0.10466044034648114,19,1,0
0.02541912674409519,-98,0.30625362078661167,4,22,44,4.149386845424703,0.42294354374155774,4,1,1
0.10789142699330445,72,0.6238958362916385,5,23,17,7.2890842337370065,0.7955783762575864,9,1,0
0.03142918568673425,41,0.5270414639116516,6,8,41,11.792598009881369,0.1413835542163402,22,1,1
0.6364104112637804,19,0.4260833838903715,4,34,54,7.612333500485949,0.13032043317233588,18,1,1
0.3143559810763267,57,0.13071037674019947,8,19,47,3.004767802583366,0.6434289495173308,12,0,0
0.5085706911647028,-33,0.8866042152404667,0,36,44,22.215032292698073,0.19718298196806627,9,0,0
0.907566473926093,45,0.4497846488213225,6,41,34,20.72146763584951,0.0976100381089916,6,1,1
0.24929222914887494,89,0.19462251182076507,9,16,5,18.58813686122589,0.16684857820557764,19,0,1
0.41038292303562973,-64,0.3677593508772896,6,46,45,6.524106508566601,0.9237313958767761,7,0,0
0.7555511385430487,52,0.41412975252892703,3,30,27,5.527635100409707,0.8214712527761908,16,0,0
0.22879816549162246,75,0.8275378955668743,8,7,52,4.4196997389200465,0.3540645623550941,5,0,1
0.07697990982879299,92,0.733614380561402,4,14,23,18.204612964231345,0.6558207673273928,16,0,0
0.289751452913768,80,0.7693048936413398,3,30,40,22.504967174445593,0.5372756736680381,1,1,1
0.16122128725400442,-28,0.011031264428647214,6,29,59,12.041252239173776,0.6771242634825639,19,0,1
0.9296976523425731,42,0.4161539981797615,3,45,14,5.501954111917011,0.6826711524627593,17,1,1
0.808120379564417,-52,0.4813441516353236,2,19,15,13.760249235374237,0.6287340150599929,26,1,0
0.6334037565104235,20,0.019192276823056686,8,38,43,10.325470056631232,0.2661013685373086,22,1,1
0.8714605901877177,-13,0.2598132087450342,7,11,33,10.871323411349952,0.03900642076281813,8,0,1
0.8036720768991145,95,0.760289823122135,0,48,53,16.04794310726985,0.4555667819901088,33,1,0
0.18657005888603584,39,0.13710970572899905,6,16,31,18.09308037850625,0.8909738846907038,2,1,1
0.8925589984899778,86,0.5353101314525917,8,41,35,5.322675576336378,0.5694972585185759,30,1,0
0.5393422419156507,-64,0.2152018720172375,7,29,17,3.747394846936004,0.8323910417019079,20,1,1
0.8074401551640625,-40,0.012120774643893273,7,28,28,23.880936356400014,0.9916243429612281,18,0,0
0.8960912999234932,70,0.24120145759954148,5,18,19,7.887295327226589,0.16361620413827627,10,1,0
0.3180034749718639,23,0.9758737549100538,3,45,46,4.1304410230776405,0.6917776391419823,24,1,0
0.11005192452767676,97,0.8015371118829896,7,10,54,6.987381911014319,0.6742935737000246,4,1,1
0.22793516254194168,-62,0.9595766443210334,2,33,23,3.8181147733177485,0.9799554473582784,4,1,1
0.4271077886262563,83,0.48785404392636245,8,49,32,11.228028786960605,0.9856007339528003,13,0,1
0.8180147659224931,-38,0.1097361986775035,1,6,40,19.85043747347781,0.6866786117241295,25,1,1
0.8607305832563434,-55,0.547959488973693,1,43,13,10.166133444912134,0.24361479198219427,13,1,0
0.006952130531190703,-13,0.4543773345599609,6,33,59,12.327851544445698,0.798555838130599,18,1,1
0.5107473025775657,-90,0.844357082739616,9,19,20,17.187322244916217,0.1070291342110381,24,1,1
0.417411003148779,-39,0.09808258078424459,3,49,35,13.686775471467485,0.7806993041716287,2,1,1
0.22210781047073025,-24,0.4882411370217782,9,37,5,21.09035940644781,0.9101961241446964,33,1,1
0.1198653673336828,52,0.15004866469398426,7,23,9,21.186749175960887,0.38283339476843525,19,0,1
0.33761517140362796,98,0.32467592689006,8,9,29,3.2081246053142265,0.6306352949830805,9,1,0
0.9429097039125192,-49,0.7373570773877997,6,31,6,19.338972436147184,0.4301427320968263,28,0,0
0.32320293202075523,-97,0.47601812936876653,4,14,25,12.67540560507515,0.43776505498812845,35,0,1
0.5187906217433661,-42,0.37588828514576933,7,36,31,23.765651367376925,0.31037088910812005,10,1,1
0.7030189588951778,-29,0.3944762785700353,3,19,22,13.147873593384139,0.7621296204503246,1,0,0
0.363629602379294,47,0.45944676840598664,1,2,2,23.724814853154246,0.9361765641665052,21,1,1
0.9717820827209607,-8,0.7850165438370569,5,36,45,18.84595658532047,0.9407508592344611,9,0,0
0.9624472949421112,-38,0.8920846889402344,8,39,5,8.220702576879432,0.17478128487493383,15,1,1
0.25178229582536416,-47,0.9553346865039283,0,7,27,14.30629456502611,0.874743649656566,35,0,0
0.49724850589238545,16,0.7869033862552951,9,39,25,23.834848429050236,0.7374314414271221,5,0,1
0.30087830981676966,9,0.31540689574801273,6,43,8,21.0081427627904,0.25283740069028926,22,1,0
0.2848404943774676,-27,0.6881347060865421,9,22,55,5.0447047696156435,0.06728461292151455,23,0,1
0.036886947354532795,6,0.4376031240553919,8,39,1,17.83381193300992,0.26799726688437797,7,0,1
0.6095643339798968,-44,0.2546706220460512,9,10,20,10.257171303287073,0.9122082367815256,23,0,0
0.5026790232288615,68,0.8408715794259226,8,45,44,3.1466274994873107,0.6331786748957723,25,0,0
0.05147875124998935,-98,0.038426348962324997,9,7,23,11.473100349566991,0.7210546608978718,27,0,1
0.27864646423661144,19,0.9017619921354235,2,28,32,7.929842856224397,0.25715235110909584,6,1,0
0.9082658859666537,-95,0.46147746462473416,4,29,11,20.1962546809299,0.7193881555748203,34,0,0
0.23956189066697242,-96,0.6372014768082804,7,9,39,10.083942785761074,0.028121506277923758,9,0,1
0.1448948720912231,-96,0.6593539222057827,7,38,47,20.377997573030157,0.3753213457730138,33,1,1
0.489452760277563,-47,0.8951177407065364,3,27,54,3.0125567155307014,0.6267533485423312,6,1,0
0.9856504541106007,-54,0.6366696821672073,0,48,24,9.464202150548502,0.14609656554132022,31,1,1
0.2420552715115004,76,0.6139335847600618,0,35,11,8.064469500463002,0.8230035744469347,34,0,0
0.6721355474058786,-92,0.06665204056068996,3,12,29,7.9049145824408305,0.23503129881191864,29,0,1
0.7616196153287176,-2,0.5184080219452041,5,31,54,4.431919015074717,0.6522811128184463,14,0,0
0.23763754399239967,-81,0.15016900081704165,7,35,26,6.929609678620537,0.4051971425753297,15,0,1
0.7282163486118596,21,0.7374337687214856,5,36,16,14.666540967598017,0.5960435954776472,8,1,1
0.3677831327192532,-40,0.5122219208126745,8,25,35,9.118582529592635,0.10745055262890812,26,1,0
0.6323058305935795,22,0.6802277792083533,8,21,20,11.765290428912106,0.016912799921607324,21,0,0
0.6335297107608947,62,0.041672900602384266,1,3,46,10.91420448729096,0.9095644273803012,28,0,0
0.5357746840747585,77,0.08479201604580322,9,30,3,21.394003424997788,0.2696300087671828,4,0,1
0.0902897700544083,-19,0.7163233880626823,0,17,1,22.011278979220826,0.8196770027804591,16,0,1
0.835302495589238,-39,0.07208433599867337,1,37,58,13.35209640477306,0.9993503004722002,22,1,1
0.32078006497173583,44,0.0712567277652586,4,23,53,9.933274956627692,0.21143125799891116,12,1,1
0.18651851039985423,-98,0.01210847523488745,3,22,47,5.242814784049637,0.2651707411833556,16,0,1
0.040775141554763916,59,0.9565013982994801,3,21,1,23.021460467023996,0.6628597876346657,29,1,1
0.5908929431882418,-88,0.737508359459007,8,1,17,4.264765842906247,0.9654486346006212,18,0,1
0.6775643618422824,19,0.35325140850206416,7,30,2,9.25065582893389,0.9158143481907439,10,0,1
0.016587828927856152,24,0.2965355812876552,5,10,29,9.259390224570087,0.5028755200655849,18,1,1
0.512093058299281,-12,0.34970322974584955,0,27,20,9.728427008944513,0.7951102825267247,1,0,1
0.22649577519793795,-28,0.7746535311811819,1,45,6,6.450023708720595,0.13574585309990106,21,1,1
0.6451727904094499,-33,0.6613706110704144,5,31,8,19.44639004939764,0.9774381842040123,1,0,1
0.17436642900499144,41,0.18519556786746794,1,4,29,5.572455101285774,0.9643532340359865,15,1,1
0.690937738102466,0,0.17410933533408435,9,37,48,16.33303984221642,0.16372895787917097,4,0,1
0.3867353463005374,-3,0.09839564971339732,4,9,51,5.600766560822167,0.2994231248031066,20,1,0
0.9367299887367345,-90,0.6603027197013381,4,39,33,4.481248389452087,0.10015499750676693,10,0,0
0.13752094414599325,4,0.7643726622217359,5,45,3,22.098019577403406,0.2717175988981797,23,0,1
0.3410663510502585,83,0.265046428325004,5,23,35,6.9927040926928195,0.8159557894152066,34,1,0
0.11347352124058907,-34,0.020944961030912812,5,34,5,20.246253245753792,0.37831560716525947,33,0,1
0.9246936182785628,22,0.08217166747642735,1,43,27,14.437248293249851,0.08839696714675838,34,1,1
0.877339353380981,-72,0.9678600348450305,9,47,44,4.634986911784162,0.34222552477890456,10,1,1
0.2579416277151556,36,0.29544477747742026,2,22,12,23.064412020199416,0.9813833342412801,20,0,1
0.659984046034179,94,0.7692231478381336,5,16,20,8.186184506829743,0.6296835952592029,1,0,0
0.8172222002012158,52,0.6246635688542638,7,0,45,21.052552252404737,0.41616094640615775,13,0,0
0.5552008115994623,-25,0.3819396396528959,0,30,20,6.545010121475848,0.16653851349727,1,0,1
0.5296505783560065,69,0.2056872621955551,0,30,9,20.93280052497891,0.9861767972836948,5,1,0
0.24185229090045168,-92,0.12138641815940643,1,41,39,3.2778050710111737,0.8208490092631288,16,0,1
0.09310276780589921,-61,0.6150129680388666,5,41,4,13.747389587959095,0.2814773024509194,15,0,1
0.8972157579533268,-76,0.774633780637788,8,33,51,19.15829416785269,0.07006869572118946,28,0,1
0.9004180571633305,-96,0.6439042535411307,3,8,54,22.63070586734845,0.05662555737755803,31,1,0
0.6331014572732679,38,0.5303021332491583,2,21,19,22.093244860336227,0.12037814950553383,23,0,1
0.3390297910487007,86,0.041951223431636264,7,12,38,20.212122260500543,0.5807685836144216,17,1,0
0.3492095746126609,23,0.9684887775943838,9,24,27,21.652018342887384,0.9287634212054924,34,0,0
0.7259556788702394,-63,0.7987141916545746,8,47,45,7.183613402578606,0.4967434280059845,13,1,1
0.8971102599525771,-29,0.29282203670096474,4,17,43,8.967870209946305,0.8429454824561972,14,0,0
0.8870864242651173,32,0.9799703293588506,8,11,13,9.06833902334223,0.4458866198598078,11,0,0
0.7798755458576239,75,0.6018815896363221,1,39,13,10.918132551035676,0.7085835457678252,28,1,1
0.6420316461542878,-11,0.5824226582072465,2,16,57,11.259734078088963,0.7318727372865008,32,0,1
0.08413996499504883,45,0.7480731794295321,6,14,22,14.435661817748185,0.17396370590333865,35,0,0
0.16162871409461377,97,0.8117697880901376,6,41,28,6.357475030695269,0.36121605897581177,31,0,1
0.8985541885270792,-64,0.6564786073315027,5,14,52,17.516179939505776,0.6373021565380239,17,1,0
0.6064290596595899,-41,0.12809574636620003,5,14,47,6.5188973253946365,0.07069660818436618,9,0,1
0.009197051616629648,75,0.3382675059944984,1,38,53,9.516478124195498,0.3615401877629566,10,1,1
0.1014715428660321,-73,0.9280836403260497,9,12,45,13.570247742729235,0.5347994662811925,8,1,1
0.6635017691080558,96,0.22461561184385193,5,16,22,19.725251791993024,0.9962244930446387,21,1,0
0.005061583846218687,-20,0.3721670238375133,3,31,43,18.528853898013274,0.47453356262244073,13,0,1
0.16080805141749865,13,0.432076882944196,2,8,19,16.55622148462097,0.8160567571143236,5,1,1
0.5487337893665861,-61,0.4394049896944522,1,39,8,6.271238472183573,0.43206728506661773,6,1,0
0.6918951976926933,-56,0.6129395824945255,0,19,52,14.487952257927132,0.7963907226197089,30,0,0
0.6519612595026005,-39,0.9430758377447076,4,25,8,4.8363765377975945,0.5954148016201084,31,1,1
0.22426930946055978,-8,0.24069271183250496,1,26,42,10.924626712729665,0.8865954415023983,17,1,0
0.7121792213475359,14,0.12150137630091806,1,20,26,11.683847136089142,0.4109425523501099,11,0,0
0.23724908749680007,85,0.19747048985993731,6,17,48,3.8360402283608304,0.6043044198214789,20,0,1
0.3253996981592677,-34,0.8869249002092695,7,12,51,8.753750088869408,0.6300186806188274,9,1,1
0.7464914051180241,-45,0.645810812655206,9,15,26,23.068638812596276,0.4173829418004733,2,0,1
0.6496328990472147,-61,0.28590678923916013,7,8,23,23.02628476442348,0.14431204368748152,1,0,1
0.8492234104941779,-3,0.8159469389686173,3,11,43,10.398868139303325,0.09355940691233555,4,0,0
0.6576128923003434,-61,0.861369996363436,0,43,13,3.905102287914805,0.0166715505996331,25,1,1
0.5683086033354716,-10,0.846514338690278,6,37,28,6.7609937258918125,0.8735342642452146,3,1,1
0.09367476782809248,-68,0.9189265336395545,0,18,9,11.236573662104343,0.23647491223869455,9,0,0
0.3677158030594335,-95,0.2522410201733616,3,6,20,22.903373657353825,0.21150674928176805,22,1,1
0.26520236768172545,46,0.7550419287462783,7,34,56,5.965180334280883,0.7360354004260655,23,0,1
0.24398964337908358,-21,0.46053949727414,1,47,19,19.033832717032457,0.32001611308739175,12,0,1
0.9730105547524456,67,0.8419985528900615,5,17,48,5.2823333268685335,0.5060446924118366,10,0,0
0.3930977246667604,-9,0.7284906771616132,5,15,39,23.606409125216814,0.1625110652974563,34,0,0
0.8920465551771133,-4,0.7764474464997246,8,38,51,11.013946481291834,0.9597457214619692,10,0,0
0.6311386259972629,-42,0.6561618376810715,4,3,12,19.279925316880178,0.8515814000172374,30,1,1
0.7948113035416484,-42,0.17742876946970687,9,24,15,10.194412739033769,0.8637896229650033,22,1,1
0.5026370931051921,-53,0.5450269188969383,3,31,31,16.181046420334983,0.4067737485720052,6,1,1
0.5769038846263591,68,0.9846697395245082,4,39,55,7.0323377795407715,0.7623612137071728,2,1,1
0.4925176938188639,-88,0.9373880664971189,9,12,14,6.066441405236214,0.14387615538978016,30,0,1
0.1952429877980445,6,0.04317373579701167,4,44,11,22.69934693093076,0.008619002591780278,2,0,1
0.7224521152615053,-56,0.16481481572943713,7,16,26,22.270592835993103,0.019972932578028124,32,1,1
0.2807723624408558,-12,0.1317287734545619,9,48,42,21.63684774447053,0.5866017374045605,16,1,1
0.02431596643145384,80,0.7259799099852955,7,36,27,16.134102453498464,0.4553949052479408,12,0,1
0.6454722959071678,69,0.8177853298569451,1,5,11,19.973632435541845,0.5180153489085197,1,0,0
0.17711067940704894,-1,0.2135113663106719,6,18,38,4.4497756751388735,0.007463140417219405,8,0,1
0.9404585843529143,90,0.505852692951829,7,12,34,10.030569879704263,0.4226866196574257,13,1,0
0.9539285770025874,54,0.8407030280112,5,25,43,9.587765619900281,0.7180681612008608,15,0,0
0.9148643902204485,65,0.7328015447662506,4,13,19,16.348551761004877,0.44269370196743585,8,0,0
0.3701587002554444,87,0.5422372054918483,8,30,6,10.47511324288345,0.7322192063122223,10,1,0
0.015456616528867428,-94,0.5903476904587729,2,3,46,6.118642414517296,0.23301896439683478,5,1,1
0.9283185625877254,32,0.50836054691628,9,38,52,15.525808583684418,0.8131420044817255,19,1,0
0.42818414831731433,-56,0.2975484513188206,3,7,38,20.10206233405071,0.5884312404534523,11,0,1
0.9666548190436696,-43,0.5650219928590161,8,24,49,11.024593383659436,0.21076309942990623,20,0,0
0.9636199770892528,-70,0.6888853020500907,5,12,42,5.777643017068115,0.23672047585383293,20,1,0
0.8530094554673601,-78,0.8733229158608077,7,31,28,7.1304521435692845,0.628030464569537,21,0,0
0.2944488920695857,69,0.6362913539792481,6,37,1,7.987149408557063,0.8299395932124434,18,0,1
0.38509772860192526,37,0.761121537043158,1,37,35,9.297849452885261,0.4156277820291552,10,0,0
0.8511366715168569,59,0.160071634954573,2,27,40,16.49869648063249,0.2583004291275922,34,1,0
0.31692200515627766,6,0.4615574744197899,0,29,8,15.619855175292098,0.8670116069106004,26,1,1
0.1694927466860925,80,0.009331619827093296,8,2,59,17.617677092907822,0.6692682917508349,30,0,0
0.5568012624583502,57,0.24667886452162302,6,27,52,10.612541675161776,0.4480854872830765,9,0,1
0.936154774160781,-62,0.7264617151130048,0,2,54,20.303950689479546,0.48790019527930184,31,0,0
0.696029796674973,58,0.9918099513493635,2,44,47,7.285840884270966,0.2042564679363964,4,0,0
0.570061170089365,-19,0.0991780995872159,3,33,56,12.849855697881233,0.6268026300648439,6,1,1
0.09717649377076854,-1,0.40149431586128825,3,15,7,19.819713152370035,0.35874251054288864,14,1,1
0.6150072266991697,-99,0.8000709686991595,4,21,11,6.7833316023850045,0.9956451766743493,4,0,0
0.9900538501042633,-24,0.20403563462889884,2,31,39,5.307125388556441,0.48018351526188785,26,0,1
0.14008401523652403,-89,0.5550849493022862,2,37,4,21.557363321447784,0.4858856061896132,17,1,1
0.5183296523637367,-62,0.7330712960296748,0,7,25,10.201522917943114,0.5658517874106719,19,0,0
0.8773730719279554,93,0.615985450260179,6,7,12,17.361272623089672,0.9167560031187467,6,1,0
0.7407686177542044,-88,0.18802473461541613,9,5,26,3.532320689542708,0.8008180998597503,29,0,0
0.697015740995268,-55,0.3553845686857394,0,13,38,17.490984656598442,0.4511300697978414,11,1,1
0.7024840839871093,54,0.7837917844853972,1,31,46,9.63812754248638,0.718699265972796,16,0,0
0.35949115121975517,12,0.5542265141320166,3,34,12,4.170557925336277,0.5862354987807616,30,0,0
0.29359184426449336,-84,0.005229613542912737,3,9,43,15.806067992510458,0.4923670487012489,25,1,1
0.8093611554785136,3,0.7609907600280938,4,2,51,8.056880137536638,0.19231577278435052,11,1,0
0.8101133946791808,-3,0.03531135494023907,1,11,53,11.12295208308948,0.4639362634548909,7,0,0
0.8670723185801037,87,0.7457337827312321,3,48,37,4.692197058016785,0.24581858702257464,26,0,0
0.9132405525564713,91,0.2024805601652374,0,30,46,6.090428272993852,0.9148421498516547,22,1,0
0.5113423988609378,-13,0.9580734801193802,1,28,53,9.25752194541272,0.33540681349634693,25,1,0
0.5015162946871996,8,0.3679407513020845,0,4,24,4.8849495117633,0.9522640145333723,19,0,0
0.7982951789667752,62,0.3269316163380791,9,24,16,22.12735155841262,0.5330552900947112,31,0,0
0.6499639307777652,-31,0.14888805033244468,9,40,57,3.1269879068635467,0.6315443786761603,26,1,1
0.7019668772577033,57,0.3056042154902149,3,30,13,13.16106459615054,0.5429404444893278,23,1,1
0.795792669436101,98,0.8766507618282006,3,20,25,5.588196620783581,0.1293806169667009,13,1,0
0.8900053418175663,-27,0.9963343376272473,6,19,54,9.461260879036919,0.37582121900794097,25,1,0
0.3379951568515358,-38,0.36830953050684834,9,38,54,22.447250756183575,0.09914611227762393,2,1,1
0.375582952639944,55,0.44861063095454257,8,21,57,6.395585618753724,0.6229540441833817,2,0,1
0.093981939840869,-41,0.722070938202737,8,3,52,23.282478714084984,0.4468741952004389,16,0,1
0.578280140996174,-22,0.8861957804650745,4,12,54,7.321681916777856,0.7779849715709368,9,1,0
0.035942273796742086,-64,0.5930443341867842,9,44,4,18.572888277803422,0.22047048099936983,28,0,1
0.46559801813246016,-79,0.39152569817782934,0,41,11,14.480222562843545,0.16456605842933492,13,0,1
0.5426446347075766,95,0.41262184084862374,0,49,32,21.57405327953194,0.4063322309637678,35,1,0
0.2865412521282844,47,0.6956181464968069,5,48,49,14.63385836556575,0.9265853832183811,13,0,1
0.5908332605690108,-5,0.0032182636042786816,1,19,7,14.225743602282481,0.7104218150124118,31,0,0
0.03050024993904943,-33,0.6195893374598407,7,12,46,7.104618007736398,0.41892362479291867,21,0,1
0.03734818874921442,91,0.3554930104413574,8,16,58,6.490816603084833,0.5172721697543106,32,1,1
0.8226005606596583,-84,0.7941973312770843,3,35,11,22.246272173425798,0.08421301117709834,34,1,1
0.3601906414112629,-89,0.09299063982313216,4,32,28,9.884602175850716,0.9845758963761131,8,0,1
0.12706051265188478,49,0.5882022669483905,7,0,54,10.813727354220815,0.6664073046949189,2,0,1
0.5222432600548044,44,0.48097288988612374,2,14,41,18.95629682699616,0.2854040684634225,32,0,0
0.7699935530986108,37,0.6423255259052274,4,12,23,10.115293130878953,0.5858083942152443,28,0,0
0.21582102749684318,17,0.06485359448296835,2,16,45,22.99331137941906,0.10948236606899397,1,0,1
0.6228904758190003,92,0.5799837874281313,9,23,23,18.496483148974807,0.9658366688075836,10,0,0
0.085347464993768,-79,0.5614845879595237,2,7,50,15.54601409404182,0.17478498788336594,4,1,1
0.0516817211686077,19,0.5606600944161709,2,49,28,21.4987983714398,0.6480303180552142,35,0,1
0.531354631568148,-51,0.6034876665964548,6,26,43,4.041724075339138,0.24545446253893044,10,0,1
0.5406351216101065,-87,0.6764679372263622,6,44,47,8.398316535973382,0.7175613826485358,11,1,1
0.6374299014982066,91,0.8049889996807698,6,22,57,12.76576301863911,0.7768213672402811,14,0,0
0.7260913337226615,74,0.26982072012821434,9,45,26,7.766549328901942,0.6734197289114326,12,0,0
0.9758520794625346,-72,0.8250494101800621,7,7,25,18.622008933345192,0.6144994602551925,17,0,1
0.5163003483011953,63,0.4982556822634536,4,7,54,22.303368652128228,0.8924690939520117,16,0,0
0.32295647294124596,79,0.07705827913433116,4,25,29,11.899172518549392,0.07862671098975804,35,1,0
0.7951861947687037,24,0.0585509292439792,3,46,19,10.184784602349794,0.3309147657801952,2,0,0
0.2708322512620742,-94,0.3342383186960608,6,12,33,23.19256537488889,0.24828747963084596,11,1,1
0.4389714207056361,-72,0.7848969771114676,9,38,36,12.341901089378357,0.9880139620654216,3,0,1
0.07845638134226596,38,0.7076809347409158,3,36,14,13.270016409434948,0.3893897796668735,29,0,0
0.02535074341545751,-68,0.7886149646724064,1,48,14,10.384647319180011,0.7326126992403987,18,1,1
0.9626484146779251,33,0.5172690564416094,3,27,35,22.100517933254906,0.6847251638810046,20,0,0
0.8359801205122058,10,0.44019899795549056,7,24,30,14.948065148918866,0.21208123747737773,14,1,1
0.695974206093698,-22,0.14745252670628395,8,15,28,19.005666330814538,0.23899768021155132,34,1,1
0.4089529444142699,59,0.32819275360931155,2,1,17,20.047941085368613,0.2812845635530341,31,1,1
0.17329432007084578,78,0.43401936617387527,6,17,3,10.178829880262422,0.4111272782593792,18,0,0
0.15643704267108605,-43,0.08860042967961723,8,16,16,12.107580957727981,0.2343250656505268,30,0,1
0.25024289816459533,-75,0.22061195271121126,3,29,46,20.81790726253156,0.019651482746847804,25,0,1
0.5492266647061205,73,0.5982252940637388,9,38,30,10.628362385192016,0.8793930568071955,19,0,0
0.7145959227000623,-72,0.7356631142391898,2,12,52,19.67263780248888,0.9656098313808841,8,1,0
0.6601973767177313,-97,0.9983475113929496,4,31,29,22.760838774063178,0.34157038703156795,28,0,0
0.27993389694594284,-2,0.9331133313435577,0,49,45,16.087417834428145,0.33850687942547286,8,0,1
0.9548652806631941,40,0.6425651995351915,2,28,15,18.574173036489668,0.007091812774370987,31,1,0
0.7378969166957685,-62,0.421248053294072,7,45,46,19.907043552863833,0.680250688330374,3,1,1
0.5543540525114007,-86,0.6361773647082327,7,29,56,20.745832626829493,0.8254398957486287,3,0,0
0.6117207462343522,18,0.785651618080232,3,17,25,11.296120094992716,0.14660830036000316,22,1,0
0.4196000624277899,-72,0.11833619092338732,1,12,51,4.076532642695962,0.15966634936715074,17,1,1
0.24773098950115746,56,0.40990488969628824,7,42,38,11.43940169597153,0.7900832499714378,17,1,1
0.3559726786512616,-26,0.8398022856356172,7,20,42,17.148880825465888,0.6162907483541447,14,1,0
0.7578461104643691,15,0.383832951933044,9,29,59,12.457358101396649,0.04486055762771701,9,1,0
0.014393488629755868,-69,0.5718722712271865,3,20,47,18.728226168068367,0.6225469904622817,30,0,1
0.11607264050691624,29,0.5877693608621982,2,47,53,10.496631018841942,0.30891772284376606,21,0,1
0.04600264202175275,74,0.18447625313363936,1,16,54,16.329626963184623,0.36872515547084594,12,0,0
0.040728802318970136,-17,0.3622354416522884,8,39,52,6.914815901933466,0.7697314182968802,32,0,1
0.8554605840110072,-79,0.33451128874193214,0,18,58,18.736758169544096,0.8109351926726106,11,0,0
0.7036578593800237,-74,0.026196708532064794,6,14,38,14.459615345073543,0.40035662683983064,20,0,1
0.4741738290873252,94,0.024191763891355245,4,8,23,7.285352159478612,0.9471529360063548,35,0,0
0.09783416065100148,-20,0.8316970436757735,7,9,25,9.130134643453953,0.40646271795207223,11,1,1
0.49161587511683236,25,0.2730708099728124,3,43,42,18.72078288021848,0.7718360352301099,8,0,0
0.4734717707805657,83,0.5180787662388154,6,30,7,13.134625948891934,0.48387726456425906,4,0,1
0.17320186991001518,-9,0.29872557358877305,4,22,22,7.536660248254516,0.897532326522084,27,0,0
0.43385164923797304,-80,0.9406792451153405,4,29,17,23.31269499777625,0.9077612436501786,30,1,0
0.39850473439737344,-54,0.25929675886577375,8,32,18,18.017625416154644,0.08741680787108386,27,0,1
0.6158500980522165,0,0.4296568127389351,8,8,49,23.09983148333572,0.9364933313102257,21,0,0
0.6350936508676438,86,0.8727302504846018,8,46,41,11.969205952567208,0.8255348415204157,20,1,1
0.04530400977204452,-17,0.8419335667918086,5,0,10,12.97710715452613,0.7913107143126669,4,0,1
0.3746126146264712,-95,0.18610141784627732,5,43,10,21.8570595398854,0.20091133968552244,11,0,1
0.6258599157142364,46,0.8026433097957104,4,34,57,14.026036145153077,0.8051192087546649,13,1,1
0.5031362585800877,84,0.45818688673789265,8,10,7,17.852857150019013,0.8501327346850368,9,0,0
0.8564898411883223,96,0.4829688720853552,9,33,48,8.29563042740613,0.28915033445415095,4,1,1
0.658693631618945,30,0.13347997241594378,7,15,50,12.38125584275545,0.9522600783623237,12,0,1
0.1629344270814297,-100,0.08060151375712465,6,8,38,5.592447182017457,0.04986014639916425,9,0,1
0.07056874740042984,-43,0.7279393069737652,6,31,27,7.325580753416196,0.14990925324713966,13,0,1
0.6424192782063156,23,0.49646115235529975,5,14,52,3.019811720620253,0.5375811380515143,26,1,0
0.026511310541621813,65,0.43685070261517955,4,11,33,3.824566084621865,0.5757924711223097,13,1,1
0.5857755812734633,-86,0.7295082286523967,3,32,1,23.522960286715517,0.6451500833009034,28,1,1
0.9402302414249576,61,0.7655128989911097,2,44,44,8.089427597872008,0.016969129315466458,19,0,0
0.575474177875879,88,0.15890816766935356,2,13,53,16.92952489958404,0.9603667746221303,24,0,0
0.3881699262065219,62,0.6102251494776413,5,7,34,20.621093674791844,0.04458809273414399,19,1,1
0.6432882184423532,-37,0.13535408227768553,3,7,4,14.56386964396785,0.14306195272340239,13,1,1
0.45825289049151663,-76,0.7513750860290457,5,26,17,6.21603450176308,0.01401451752605698,13,0,1
0.5456167893159349,-77,0.6569551562671395,2,11,4,18.290445184059493,0.5668584332940947,28,0,0
0.9414648087765252,-89,0.956614621083458,3,0,43,15.605279612091245,0.9322668839209722,2,0,0
0.38610263780077425,-83,0.06895801635642118,8,42,54,18.35626237629488,0.6659471660804642,10,0,1
0.9611905638239142,-86,0.05705472115125432,4,39,26,19.16467907999883,0.8226574684804273,22,1,1
0.9053506419560637,-74,0.28218707469320015,6,41,4,23.483617721379648,0.013281203458580082,13,0,1
0.19579113478929644,-29,0.26170568373590597,9,10,1,15.04482888056091,0.5420152984797261,9,0,1
0.06936130087516545,-41,0.24697879907199982,1,38,7,10.17446336650264,0.4595629775055219,33,0,1
0.10077800137742665,73,0.9062545805210367,4,42,30,16.61775569490498,0.49896794422079305,14,0,0
0.018221825651549728,44,0.2495461998495061,8,30,50,4.437254894095149,0.07221318533518795,20,0,1
0.0944429607559284,-8,0.271949726128631,2,16,9,21.845343684753313,0.6844353610693075,15,0,1
0.6830067734163568,-48,0.7593982624179637,8,32,35,5.5070012381021325,0.5032204148586344,32,0,0
0.07118864846022899,-93,0.44973984245054,5,31,8,9.884699595602182,0.765148849861264,33,1,1
0.3189756302937613,-22,0.7767105569551812,3,28,24,20.130652993148537,0.48529063406171535,17,1,1
0.8448753109694546,-74,0.06536615756438524,6,20,19,15.543559944944949,0.14938163622643208,24,1,1
0.023271935735825866,73,0.4875711936733843,7,20,36,11.266345925826284,0.648256954077822,30,0,1
0.8144684825889358,-51,0.03361360018328263,5,39,50,12.94214884687545,0.17238636210516622,13,1,1
0.28185477477339993,98,0.06265320345535452,4,22,52,20.94549525724579,0.8723945633548149,16,0,1
0.11816482762165625,30,0.906437453344411,5,5,59,10.140092107257736,0.6131162390692415,2,0,0
0.6967371653641506,-8,0.13924537111759516,4,21,43,21.262643381055597,0.15720388355695425,17,0,1
0.628942846779884,91,0.5324206822752171,7,49,27,4.850823050510521,0.9623380574812068,32,0,0
0.877472013527053,71,0.41109560260070654,0,37,32,19.312767181381247,0.5183654633353206,8,1,0
0.7350710438038858,80,0.3473433262588427,6,36,14,20.798500294149463,0.072898451871655,3,0,0
0.8034809303848486,-77,0.8998333456872725,9,44,57,6.8181707095841135,0.6268329044150672,12,0,0
0.2820345725713065,-41,0.0218233967754895,9,7,18,12.03727717981621,0.2531989070128102,20,1,1
0.17743954377972282,21,0.6637896861755891,1,40,28,6.475495267936768,0.8036934518773025,16,1,1
0.7506147516408583,30,0.9633944342135504,8,48,29,17.838686708878573,0.8178220735661906,14,1,0
0.806834739267264,47,0.5601681834618419,0,34,16,14.242303129294791,0.9789473558546619,16,0,0
0.9905051420006733,-55,0.9368224620330918,9,10,35,16.34179028087474,0.5018695310245037,33,1,1
0.4126176769114265,-86,0.05225787928602377,5,23,47,7.126226306080434,0.45495687972773713,30,0,0
0.37201808579278317,52,0.4187933190741614,8,48,59,7.44666310310081,0.7534756054464806,12,0,0
0.7764129607419968,98,0.26015779096205116,0,20,59,3.8714438357080336,0.13247065634192656,15,1,0
0.34080354025301784,-84,0.7308209649807298,3,1,31,9.763418239110324,0.5469155137931242,18,1,0
0.9307573256035647,25,0.9812970904972467,3,39,4,14.754637888007174,0.5462476001308509,28,1,1
0.8584127518430118,-17,0.2565300624442478,8,18,37,21.016633193943903,0.08947312281038722,23,0,1
0.42899402737501835,-92,0.6541746014740745,4,38,17,17.005476396632297,0.41798408550691357,14,0,1
0.7508710677914974,65,0.19809763275974013,4,27,39,12.14332279139478,0.853284798567202,30,0,0
0.7545428740846823,75,0.5653302545716099,5,16,48,23.015522402276893,0.8561536219946603,33,0,0
0.10312386883593261,87,0.4639324866883362,0,5,46,18.10414921209247,0.099237664919681,15,0,0
0.9025529066795667,-38,0.9720053296315371,0,18,26,22.53346926011355,0.09072088274783086,7,0,0
0.5052523724478571,16,0.6085272726964666,8,37,48,14.079347438715478,0.2626954770019353,15,1,1
0.8264574661077416,29,0.3495063720868188,2,27,39,8.43698977065593,0.8747660625539935,11,0,0
0.32004960103061175,-13,0.11409578488793337,3,1,41,4.109360413659162,0.12890258507349894,29,1,1
0.8955232284962005,-29,0.15124682873493456,0,37,4,18.24778188116086,0.7199968026274463,31,1,1
0.3892016787341631,38,0.2253169299512351,8,36,30,5.547362958116217,0.10116561961310322,25,1,0
0.01083765148029836,-37,0.250966661340298,7,3,30,9.358277693711312,0.6231378537478254,24,1,1
0.9053819764192637,-29,0.8506160578411378,1,21,22,14.181889065561846,0.3560672991191448,19,1,0
0.09128667678613356,-80,0.5612227882825249,7,25,11,14.852748343374701,0.788913962965867,2,0,1
0.31931363759041487,-83,0.5233909113743664,6,48,2,15.612247136729856,0.2336904488253636,22,0,1
0.9500619670508049,-37,0.11476887186921747,5,42,44,6.491361937343713,0.6392018293899598,20,0,1
0.9506071469375561,-19,0.860139693349435,0,35,12,10.974485501254623,0.23568253457588495,33,0,0
0.5734378881232861,9,0.7228143032084837,6,12,30,15.9610787694563,0.7136602831121538,8,1,1
0.6318372121697993,-6,0.06766836190000158,9,31,36,23.36619615730948,0.8736780345607488,25,1,1
0.44844552197831977,65,0.7078350972297687,6,16,18,18.280253891693462,0.12680179912676004,9,1,1
0.29321077169806453,-69,0.5435382173426461,8,40,26,22.374678898973116,0.8665956885955035,34,0,1
0.32866454536991596,-90,0.08172534574677826,0,35,53,19.006453224597717,0.5935752544142979,23,0,0
0.6725184560770384,-56,0.45830064152865646,1,45,7,15.42605634674041,0.12711049086702397,5,0,1
0.75237452943768,-68,0.484696287130047,8,18,1,7.032490751863236,0.427541855359712,25,0,1
0.7915790437258485,1,0.16577454016327575,8,34,58,17.000398689742774,0.1608602934850979,8,1,1
0.7896181427945539,68,0.9456981470002823,5,45,26,16.09097088515805,0.7003478888665695,16,1,0
0.09120610304869037,35,0.8499753714806619,5,39,23,15.651852579602595,0.7588681344179496,15,0,1
0.49442030470258147,-90,0.6690223373291083,3,27,26,13.285503227753056,0.10579652027279896,1,0,0
0.057558760016644284,78,0.4622955610006072,3,0,45,14.101788683774787,0.5061398526946443,22,1,0
0.5495288823237355,-13,0.4117655415845085,4,41,6,10.023293069480186,0.8146250560259172,3,1,1
0.441530501373377,-60,0.6509734671509542,2,17,6,13.905566545488366,0.9361630415509965,14,1,1
0.8877041827582998,44,0.5454318694069055,0,47,44,7.148674019248043,0.51351786674177,18,1,1
0.3509150125520787,-25,0.062273105881885615,0,39,8,19.90866234456791,0.950279223611407,18,0,1
0.11706701642760586,20,0.5125026487703317,6,32,24,6.901316048672864,0.5356889704560298,3,1,1
0.14299168205283586,-55,0.8064036172328395,0,11,22,4.784292087678795,0.39419049459990796,10,1,1
0.7615106317174722,59,0.45923987759695806,0,7,19,12.161166553500305,0.8482031285528955,1,1,0
0.6182180633162611,-21,0.05195657755426841,2,23,37,16.824456229627298,0.49298271045808906,27,1,1
0.10112267612279024,-47,0.7862781993840331,9,15,18,12.192053323604368,0.47190251056452304,27,0,1
0.08410680611499743,-15,0.2013637821359744,3,49,31,8.81183677097748,0.4903124894098283,11,0,1
0.70096913145912,-9,0.2586208348880388,3,3,37,14.721594861699256,0.8467850018697454,5,0,0
0.07276300636419353,47,0.1647063534322959,1,37,30,10.287049043656198,0.8319415416880521,7,0,1
0.8218600592903562,60,0.33021506487149754,0,43,57,22.590221492659296,0.4035199924402112,19,0,0
0.7062422271564962,67,0.756751505688635,2,26,42,22.375547931675015,0.333299859870525,29,0,0
0.08134878064189976,59,0.5193858595039373,3,8,33,13.549808219414004,0.4919280240391293,15,1,0
0.08483771408519192,-4,0.20488127415071256,2,46,10,9.885563874383429,0.572772509737109,35,1,1
0.9866395785011755,-99,0.8778300781520408,7,15,37,18.47978069308942,0.23833721062799695,12,1,1
0.3742707957561203,-68,0.8795818549515292,9,11,12,3.770971813144399,0.7939550847155906,30,1,0
0.3706421470668909,57,0.8705784250460069,0,30,54,12.970149126916676,0.4864827657324229,20,0,0
0.8127995672575026,60,0.23879621138153928,1,23,30,10.062791279677004,0.3340455484199596,3,1,0
0.9472485773838587,-24,0.4512393441809881,6,13,27,22.331253587153647,0.10682099296399061,9,0,1
0.9860010638228709,15,0.9849896561408751,3,44,39,3.2520635727263336,0.23884516040360693,26,1,0
0.7533781852589416,53,0.7720124763099904,7,24,9,14.60911239008533,0.9492811717559837,2,1,0
0.37625958553091576,49,0.027167421225559818,2,33,54,18.553935202399146,0.3050996868195266,23,1,0
0.08350071669866876,2,0.06520459126049205,5,2,21,13.185377738004867,0.16885928936703531,23,0,1
0.7771469159274368,93,0.46393137681233276,8,23,12,4.793463633417154,0.4606727916549932,21,1,0
0.558404249735805,65,0.9092202058615602,0,41,55,23.421689190585948,0.3070877433602487,16,0,0
0.4242220092469763,2,0.5387017979527142,0,8,29,13.878219058898056,0.035159250271194153,9,0,0
0.906354385094736,-11,0.4978125080342902,7,25,33,15.897911130699239,0.32314521727941725,13,1,0
0.11119748230615134,73,0.10547369995663058,2,19,43,7.968805436857654,0.5441086239394686,28,0,0
0.49262510429085915,21,0.656780104724294,4,39,53,13.15345978724288,0.5517123720199669,27,0,0
0.011353644767419069,42,0.8221031606002255,0,9,15,12.012139331124759,0.3565589211768887,17,1,1
0.46866064199412627,5,0.38042000750756233,4,18,2,4.572812682041659,0.44730275625260063,1,1,1
0.05630327568183735,18,0.7756118509253275,5,2,52,5.229367424496812,0.9655179182347664,18,1,1
0.11881791626807192,71,0.9644766539008116,7,23,39,20.586922911994264,0.3773484772303116,9,1,1
0.11752624677710488,-52,0.2037664591276891,2,4,53,8.036218996338395,0.258226813259983,13,1,1
0.6492103021160636,3,0.5233296311947413,2,2,44,7.094123701471242,0.24346704406676012,15,1,0
0.7460448792654233,-40,0.28713795808457554,9,26,54,13.603140476252925,0.45776461270413416,4,0,0
0.5833687650971596,94,0.7928544190338394,8,15,18,19.143689758612773,0.7595201487169441,33,1,1
0.9621725484745419,22,0.5775933658811575,3,48,3,4.300876890158746,0.2059881841884732,24,1,0
0.37487057952370406,33,0.6345824175503038,3,14,7,15.112966312403373,0.7092961271407681,10,0,0
0.28571208628186073,-92,0.7979141596158941,6,34,43,5.503419299652041,0.021149823349416286,20,1,1
0.8685991281894603,-95,0.3959704726624549,1,11,18,3.7656820673379876,0.418932977983946,11,0,0
0.22359583851945264,-28,0.9150900684070432,7,40,44,4.107622995406565,0.7758650652027869,12,1,1
0.9632225394406113,2,0.53302886724614,5,43,38,20.517446272377267,0.3387329557744314,18,1,0
0.012154474689816341,59,0.157954822835348,2,25,37,5.477422156189293,0.5637371014453995,30,0,1
0.969878826707639,-60,0.6958991181688025,8,46,58,3.948178652658131,0.2049792328259108,20,1,1
0.04315991195057611,13,0.7932613504382544,4,33,33,12.195897630001157,0.7419953911261723,25,0,0
0.8911431136980711,-93,0.31676167706752667,7,22,44,20.723862910782522,0.05227910326875962,12,1,0
0.5277011090862999,-29,0.857179256998753,6,30,59,8.51057590627534,0.8525426448755004,21,1,0
0.9929647961193003,77,0.9061432547657664,7,49,31,11.855964968044244,0.19819638642166815,25,0,0
0.07379656473539886,-9,0.2769044873778089,6,19,58,3.8383731838387756,0.8743980317083307,11,1,1
0.5538542844013208,-39,0.9835214727152221,2,11,11,12.430648796832394,0.3525292413005173,9,1,1
0.969302535619099,-17,0.14071152804875842,1,22,4,15.129874693379808,0.7226835744744866,25,0,1
0.5230978441701488,-39,0.20201566840248997,6,3,59,14.98904812879504,0.31922529778618847,35,1,1
0.6293986381352625,10,0.18422483923802613,2,22,18,9.98096053566167,0.9059116712346476,32,0,0
0.6957486889846172,26,0.8939897100078704,2,47,4,9.626196793925846,0.12663712551837436,14,1,1
0.45454106476777323,-94,0.6542925523249619,1,47,49,5.239095997668556,0.1785197892725987,1,0,1
0.6275580800840634,-17,0.15210428322227287,3,0,34,10.702764733571636,0.4930301251588023,17,1,0
0.5843143119231002,31,0.440323418368349,7,24,29,5.089388046332258,0.08193843903814613,25,0,1
0.901158010490989,33,0.615298025069802,0,1,24,19.098514838953083,0.19598018470176193,8,0,0
0.04544638034145787,-43,0.08346408498938329,0,29,22,23.291760252711903,0.9437663822120144,5,1,1
0.2809631895922303,-79,0.8824163684073387,4,2,2,23.371563590000843,0.9764896611478872,5,1,1
0.9504114840765587,53,0.8036035354415352,4,20,44,21.16649308688327,0.37625932933042194,35,0,0
0.8902637838909163,26,0.5052067735766382,0,24,6,15.616635136132,0.9232860210139356,19,1,0
0.45565675278571294,-98,0.9671266152591704,5,19,42,17.718179642121477,0.5448246756734317,23,0,0
0.6201325978015367,26,0.4177609792750997,0,48,25,8.989321856288695,0.26974246587376705,9,1,1
0.2773811829811327,-60,0.9841103190364978,4,21,55,16.246178823625034,0.7023987210805986,30,1,1
0.1881211597237613,87,0.6679199988036271,8,20,57,12.568640538237426,0.6589018065748572,16,0,0
0.46369840493998216,5,0.6346712732539415,4,32,21,13.122364135315582,0.9891253191087334,33,0,0
0.3533522280260528,-87,0.165954895295785,5,37,55,18.913307767878315,0.2650472874092833,2,1,1
0.5836561118508721,-89,0.881927758304644,7,14,59,8.920285467542286,0.6720595026617354,14,1,1
0.07773463696498484,-14,0.42748968792061515,0,45,16,9.678831845584916,0.052023755029446894,1,1,1
0.9743948076661665,-89,0.16223340578247936,1,14,31,22.41747761370137,0.11364603869671941,26,1,0
0.9862107444796029,40,0.01260751997575904,8,45,14,4.180710191870418,0.003918374951093262,25,1,1
0.6981617140197451,-76,0.5597556836383826,2,24,39,13.198320266680149,0.9994606810596731,16,0,1
0.5360963663441204,-56,0.5273996221226763,5,20,28,22.168816808565097,0.8022736971474778,15,1,0
0.30952761628632774,21,0.7193536223691586,4,23,32,15.817623164181297,0.7867230147335408,26,1,0
0.8137950197069487,46,0.8902580530178021,1,4,28,14.474548558454774,0.5097260752881797,16,0,0
0.6847311725538793,-46,0.07940658464302952,6,5,51,8.24462776381646,0.30006708290543993,14,0,1
0.1626169393448913,-1,0.7314964903403623,3,48,55,10.208785270353413,0.15126428446267592,29,0,1
0.9109271844938425,72,0.18741194409758222,0,42,49,20.893016731898552,0.28467473884646366,24,1,0
0.822537242923169,35,0.858177053157164,3,47,9,14.74358076713762,0.3759712219291391,15,0,0
0.949799913291924,18,0.8190635138616561,5,43,58,13.809586068892377,0.756310096980294,19,0,0
0.72571950838836,-48,0.5407937549855444,6,46,45,5.091173984340608,0.5396617889031524,8,0,0
0.6134151959357899,82,0.7102427986233115,6,22,22,3.3365912855575854,0.07748362655548269,34,0,0
0.4182430362906189,-69,0.3143501131837484,6,3,32,23.23738896242803,0.01802900895891224,2,1,1
0.9327284833540133,-50,0.47116789893281463,2,26,5,10.916709513023674,0.10233217953406315,27,1,1
0.8660638895004084,-57,0.8216368977104717,5,17,23,15.667474304089591,0.41049871369737934,10,1,1
0.04521867010618941,-19,0.4592651971732139,7,20,5,4.674016536932985,0.9331929170490183,35,0,1
0.026366974497252005,97,0.3577982653254418,3,27,42,17.34540000018398,0.6374024812092216,23,0,1
0.3764633668780496,45,0.4942124472502999,7,34,53,22.58390088282518,0.8018258998755151,8,0,0
0.8105533307818329,49,0.8282492524372184,1,21,32,15.088970312945813,0.46637459450454855,28,0,0
0.9872761293149445,-64,0.33520804737087273,9,39,59,5.648421769883622,0.3616660831950428,23,0,0
0.15041689110352818,-5,0.1737615931357438,8,22,10,15.216152076943011,0.10840037271662273,4,0,1
0.5941307153521351,-45,0.7120140203307808,8,2,59,19.0932914751977,0.875933022186205,14,1,0
0.3808908566310215,4,0.8259782127080818,7,39,39,11.534747268054392,0.7831600290279028,29,1,1
0.9699143978146032,-42,0.10063747852353333,9,49,58,21.476592706770823,0.1681180975977251,1,0,1
0.8421189231357087,30,0.23987411275594472,9,9,15,16.622342020504654,0.5122605638762605,4,1,0
0.8383287047111379,55,0.1419719897609939,0,24,7,21.88422728407325,0.4873748079212449,32,0,0
0.4686931597949703,-66,0.3479414115821666,1,48,29,16.093611536194082,0.6250915526865286,33,0,1
0.4148195023376652,88,0.45035097890541265,5,7,59,5.757047412101309,0.9461868939912612,26,1,0
0.27340707193070624,-8,0.7488263369633065,9,10,47,9.503525933208971,0.5797714417624796,17,0,0
0.056375496650927115,81,0.6511475848816741,4,4,3,7.237693913301595,0.5402172667786186,23,1,1
0.8647223762550532,90,0.6209285674784312,8,44,19,22.085356452054107,0.050322932934663944,32,0,0
0.8129010091300776,-4,0.3523749466096544,4,36,10,18.968401413037135,0.06290747601802393,15,0,1
0.9997176732861306,34,0.8414475530847599,1,44,28,17.204365747110128,0.1873467913267889,13,1,0
0.9966368370739054,-25,0.47128716739816456,9,37,29,9.320292712264056,0.03247077169174828,2,0,0
0.5554317056026274,-52,0.9791049380151545,3,28,15,6.864940213054484,0.7433528955700124,19,0,0
0.7689874151805105,-7,0.6341421382957368,8,4,35,18.885472847767147,0.7233303039939631,24,0,0
0.944765729882428,58,0.12626474156450274,0,8,6,12.957316863460672,0.13605623443164294,24,1,0
0.8496473906774115,85,0.676177562075434,0,47,12,7.741580595163212,0.8360789007952809,11,0,0
0.24734810174319766,88,0.325104015431699,6,1,47,15.949061541470776,0.15478603484611198,22,0,1
0.4505441353100935,-77,0.6863271966860974,2,0,38,3.8470108949074913,0.3011755869973588,15,0,0
0.12915941515149498,47,0.06964114816240574,9,39,13,9.849575336693324,0.248976899161365,10,1,1
0.9540510272587224,-64,0.1748814371759594,1,29,29,12.839696886413828,0.3723070985730478,27,1,0
0.60617463445088,-97,0.8557372589057863,8,10,19,6.107125016297523,0.25466376588996187,9,1,1
0.22864280550346272,7,0.2271795570235149,2,27,3,23.67774402940763,0.48895092643845206,28,1,1
0.6717006844058567,25,0.83704112524294,1,43,8,7.391044656381899,0.4074078813546854,1,1,1
0.6181282404578958,-81,0.27927608845441043,7,11,8,5.737415730908577,0.9865694907793265,17,0,1
0.3581627180328405,87,0.6428819100587077,9,38,55,7.274232351624824,0.055926350128225666,31,1,0
0.11355759219962902,51,0.694150573509831,5,25,58,19.15028379635421,0.14218137638735162,10,1,1
0.6715731955927996,-51,0.5126547531450529,5,12,20,11.9356188447087,0.052825893908602484,29,0,0
0.5203077009037933,76,0.3053106766967313,9,7,47,14.873734734803298,0.6258411949823758,18,1,0
0.7723183917356393,78,0.21264437637109612,6,27,4,3.4411922967135755,0.05450927741371958,6,0,0
0.5201635011119934,-5,0.03318935456242622,6,29,51,3.7230574800396057,0.8364397373761233,12,1,1
0.8521815003185401,4,0.3039464012407238,5,8,21,12.36233654636734,0.5119386306819278,14,0,0
0.5519068387744855,63,0.653162790531283,3,38,3,20.149760107234094,0.5270076245815337,10,0,0
0.5609379715353863,16,0.9383048184484827,8,30,45,21.59001645285887,0.5615945077121942,20,1,0
0.876653602658345,-3,0.871204482263052,5,20,8,4.8208379195084445,0.17081370630621073,15,1,1
0.40348286621239704,-35,0.7660647765353026,3,46,23,14.305625144121478,0.19769030311448754,31,0,1
0.13401522845064073,-22,0.7884473432532987,2,33,16,22.17782341186468,0.3188173228730047,7,0,1
0.028782676313338973,61,0.6649849034759953,3,30,13,11.147427842355613,0.5934964158218514,10,0,0
0.755137255673619,63,0.260286857566003,2,24,3,20.42088245999574,0.21011777594021452,10,0,0
0.6203095513534647,-95,0.9071950307058299,1,11,48,5.80760874238816,0.11633172713326123,28,0,0
0.7040797680992236,-62,0.670732311905834,4,0,9,22.64328428302377,0.9701168864184322,30,0,0
0.21296416150891073,69,0.56044063098044,1,21,14,18.779889668157356,0.021981814809622913,3,0,1
0.13637147558676976,14,0.11098946921348107,5,39,13,22.768022248524936,0.8026974053360216,15,1,1
0.014544665667881929,85,0.4470555438064254,2,36,53,17.208961904602635,0.7880351495750221,21,0,1
0.350587558806597,24,0.4603582712019263,5,46,57,10.631482571987966,0.297214113845096,12,1,0
0.5899176868546331,-89,0.86456360952267,9,0,7,22.70180462301917,0.1356266160073134,4,1,1
0.3922440450997323,30,0.5466482201877885,8,0,15,8.786902302492749,0.14562864670542341,9,0,0
0.43747492202372906,-83,0.38040054897040965,0,41,7,9.975622963296384,0.6974316172371925,28,0,1
0.9041586944937484,-61,0.9768003285106593,5,41,38,17.716976778036546,0.6428065910861737,23,1,1
0.34825546702330035,-80,0.11072059332631567,8,20,34,19.07164229003311,0.7827456742513867,22,0,1
0.5139894891598108,42,0.4225484283119446,3,14,41,22.517473160832232,0.9374811723991047,24,0,0
0.7836530127411431,-2,0.04202467517140529,1,16,22,7.300850590180399,0.691927363266592,26,1,0
0.39654278232127016,-75,0.7399041207669304,3,21,24,19.757958739603705,0.15585153655144346,30,1,0
0.6220867002278735,-93,0.9180765521991506,0,37,49,18.509467121336233,0.24344261676541068,33,1,1
0.8623637087467452,-1,0.28003732955048943,2,34,37,4.339685681325555,0.8421937308731146,16,0,0
0.9495206236576421,-14,0.8583416767991209,9,44,44,11.131685965414347,0.20930607583420857,22,0,0
0.14707348092903794,-59,0.29221823046189777,8,15,1,8.93807459826207,0.07252231695448141,18,1,1
0.9265876251614944,71,0.9107701616439152,9,7,10,9.394298911434639,0.7032800540422505,7,0,0
0.4921162930795382,-87,0.7539619035967839,4,46,43,23.64188447064872,0.40252635549014204,26,1,1
0.25824438829895835,-23,0.8049067768414386,5,16,16,16.498325683078484,0.9200400525459036,8,0,1
0.4591357562382613,-99,0.0180065556004545,2,16,46,18.07119931366349,0.6502550710936615,6,1,1
0.980032575285477,18,0.962810357074026,4,25,8,23.508970383615193,0.09041897779166075,30,0,1
0.4926180939928696,-64,0.7266709920703233,7,12,56,10.921237431610413,0.9478565672536607,23,1,1
0.3287516102875082,-32,0.3047510953861333,5,16,49,19.838643537508926,0.2585572636402459,32,0,0
0.6334008543167258,65,0.8293946648588469,3,37,25,12.125150229394404,0.33721249040628576,22,0,0
0.24014561877819307,-60,0.28152119841492995,1,16,50,21.260207108114574,0.40226041368354204,9,1,1
0.07586332810866392,-39,0.872753839566128,8,47,12,6.793808367537367,0.05122429640431325,31,0,1
0.12887972191064923,-41,0.11258039041193701,0,13,25,22.90140971834987,0.49651542223060485,7,0,1
0.12804583895777244,24,0.7036859774607958,0,44,17,7.5942058766284735,0.12331849107529225,9,1,1
0.15190269351229435,10,0.5406984766449103,3,5,26,9.850630646599562,0.40097032668835175,13,0,0
0.13882717264941014,-87,0.09653447019544081,6,34,46,18.88003691624239,0.3507097879920843,3,0,1
0.6408747448032146,-17,0.24189382825883898,0,45,48,11.26885797287354,0.7728400834265033,35,0,0
0.18188008439914483,29,0.01240403627731479,8,13,14,15.77243891209538,0.8031705116327311,33,1,1
0.3456672833238632,-31,0.46876796546450583,3,46,41,12.336043522457999,0.153412882389088,21,1,1
0.8967884099060118,44,0.3012652607600004,2,7,36,18.58976867888542,0.3665511873792262,31,1,0
0.47396164026287235,22,0.5983574842977588,0,14,57,7.794956299740828,0.3733531610318317,34,1,0
0.6675577385210272,-12,0.2972378077086172,9,26,23,4.2276177319744175,0.15141044393608505,32,1,1
0.17231987120162984,-73,0.2999191115069847,3,12,43,9.298517346934391,0.7984535050511905,35,0,1
0.19228901880867078,-35,0.7431931987316034,8,48,6,12.960481962237036,0.7072283283354233,15,0,1
0.04086861626647886,62,0.04814283597835345,9,30,47,6.52842109604625,0.19038178629703473,32,1,1
0.16893506307216455,-96,0.9028949951919872,5,34,5,10.450743082784163,0.36672190859379905,6,0,1
0.2785903390319586,92,0.8522638743911815,5,5,43,11.39964338416494,0.10580502485651422,21,0,0
0.17701048427674682,67,0.6678046832264065,0,4,25,4.205228717453744,0.6282065970930439,33,0,0
0.08870253375705561,83,0.5932215701073843,9,21,18,15.249452211868295,0.12137192454861967,32,0,1
0.12063587110060081,63,0.8923024981396522,1,48,13,21.57121198739704,0.9859341686249178,19,1,1
0.46077876803272577,-56,0.18533017952871444,5,22,43,6.1866011720141,0.7806820746878623,33,1,0
0.2063337184057925,50,0.07896916219082861,1,24,14,15.553968281431795,0.39023854958399506,28,0,0
0.36426986104807546,-54,0.2395101699095381,2,33,28,16.95952330312777,0.5785639322793544,31,0,1
0.5034172708548569,-70,0.7945782787001903,3,25,18,11.806028288805056,0.9113418162164088,21,1,1
0.6903948286293653,38,0.03467026672648332,4,46,59,17.72304933464967,0.5540992803958261,34,0,1
0.039312139841098936,-91,0.5828068350834896,8,4,57,11.625362413311253,0.17449848639795518,15,0,1
0.7994103989090426,94,0.9954375161913099,3,25,28,13.597383047526133,0.3787033555811593,14,0,0
0.6279003894909078,17,0.8556960938375394,8,19,51,3.1544139356429666,0.8431448650297454,19,1,0
0.08175903194887191,-87,0.5214456890435895,9,5,56,17.526122396828463,0.6442130159896179,15,1,1
0.8735786241067772,-21,0.06364090928664234,2,5,27,16.888196257839212,0.6507243843338003,6,0,1
0.9208724005318132,-8,0.8313735143857098,7,49,32,3.806418423853236,0.8668214856884892,9,0,0
0.06107795985486375,-91,0.5989785081772105,0,17,47,10.733252255297796,0.8939730574625047,20,0,1
0.2768776481472037,-25,0.11493299705956683,8,3,9,23.559668656625014,0.9197925717794363,34,0,1
0.8062012797930613,-7,0.0938572848233562,8,16,40,11.835467813940953,0.0948491932531561,26,0,1
0.7482596903836584,4,0.9096268194365924,9,13,32,13.540853507768675,0.5441260019631009,18,0,0
0.18452101935637732,-100,0.6692002629380784,1,13,20,22.10853332135409,0.7405095212183186,28,1,1
0.2093493233367103,32,0.8292867993167555,3,12,28,18.062499393180886,0.7569268451270138,9,1,1
0.370472102791382,-81,0.8789789002822673,7,6,33,15.223472753608695,0.6067162019700039,32,0,1
0.4845229851910213,-93,0.5717723520483222,6,43,4,19.753898308162523,0.16678733518367417,6,1,1
0.618254771530296,70,0.5174463517550413,0,14,46,21.15169159557544,0.7974205539416643,14,0,0
0.3689136395697724,-100,0.4304274103209902,4,18,57,12.594649506482604,0.7201113335149457,28,0,0
0.4625347161331479,-44,0.3169465877911193,6,42,34,12.977275663568543,0.08613577154903629,24,1,1
0.7474709381337565,-37,0.43459596085871177,3,46,48,11.107069648688551,0.46380982467437626,13,1,1
0.0366832028905979,17,0.7738796557301564,0,43,3,23.30082894038767,0.17397739952180358,12,0,1
0.25243694434402075,-73,0.6019234310151316,8,34,26,17.64049134009736,0.3374770457129719,19,0,1
0.7133495858845524,20,0.8925232899548461,4,16,8,4.747684390369518,0.018081092205685434,21,1,0
0.8952068376871993,6,0.4433800143791877,1,34,6,21.122152089573387,0.40032986841075824,27,1,1
0.5116774421156661,64,0.607089578718754,7,18,16,13.09175875756163,0.5498769211562105,19,0,0
0.5321134852653157,74,0.6313075530919887,1,19,24,4.443832034872237,0.6195825928270868,24,0,0
0.10717201133977605,64,0.5916971623063255,2,35,48,14.544062358429532,0.6634903451287101,26,0,0
0.44741236682345464,-52,0.7026337730855163,9,34,39,11.760449858489743,0.83629131310246,28,1,1
0.5326172664550232,19,0.23743346837480628,0,31,30,21.432737502115124,0.21546290727573003,18,0,0
0.24247050363472966,-57,0.5123637775457907,1,47,45,7.283886675797135,0.12048182243846794,29,1,1
0.26924323094938096,-45,0.10422480280834767,6,43,13,20.35575679933584,0.8515371718979257,17,0,1
0.37728416310462265,55,0.38451132764481255,9,39,5,14.711462514894507,0.1566128148926499,4,1,1
0.02007119777772637,10,0.4876670686212644,1,23,25,4.14681636748285,0.9747600813361953,29,1,1
0.3220791655831783,33,0.6522242595454725,5,16,20,23.408751327835176,0.842538229398637,4,1,1
0.21144800699654465,7,0.9505310525862035,2,6,54,13.764920126167198,0.5008766058895991,10,1,1
0.32749735217791465,88,0.6006510665483559,3,42,18,9.108413938863233,0.9814214249220252,25,0,0
0.11976213181925122,47,0.7435939161765598,7,49,47,12.85754368177442,0.09737672910800421,31,1,1
0.890527280739895,13,0.5062660594952028,2,0,18,21.01501345386727,0.30306576117510164,3,1,0
0.5935924535540487,-23,0.6341040313763313,9,34,2,9.402965612086334,0.6382244150406114,2,1,1
0.6791023191444896,29,0.07093221613377343,5,31,10,7.046204326220707,0.35000686847317874,25,0,1
0.7891712386073383,-64,0.254391580841847,0,35,55,5.710496185548511,0.9283725519807918,6,0,0
0.4984421989290573,-81,0.3618530932051387,6,12,45,9.255047366194436,0.06562608817781757,26,0,0
0.08692028808742369,-75,0.47249335500651357,7,5,50,19.381009827840913,0.5494118320609646,8,0,1
0.5371065418185478,-72,0.045648745502383736,7,13,47,12.904153669100495,0.5908662673951145,35,0,1
0.5868411180208791,-100,0.14002409755331768,2,36,12,7.77711367756434,0.6527281237772241,27,0,1
0.74543947418433,18,0.2768143077913058,9,47,47,6.4898849918047326,0.25566622333181444,25,1,0
0.4316595462296794,-66,0.9715326909010507,0,14,13,9.98731900671796,0.36456642751986446,18,1,0
0.12758030279556376,97,0.33134700710305076,8,46,50,22.738411830599887,0.8436805296649776,1,1,1
0.28377590579872447,-42,0.48204105811208253,5,3,47,10.203560964390512,0.19494276897015983,3,0,1
0.3630822963986351,-32,0.19609771273839294,8,39,57,23.750605595047343,0.826867847173362,4,1,1
0.6459172413316012,60,0.6107800710757683,6,15,55,13.18983957107248,0.5626554229027424,15,1,1
0.5707783046689119,78,0.2806832155159743,0,27,11,6.762442284093169,0.7621875111940821,8,0,0
0.35609672589784624,-89,0.20699257843842678,0,15,19,21.713941927663697,0.7136073662634715,19,1,0
0.9865152487929797,-81,0.5165726284459791,5,3,35,12.667462835831365,0.207511495384879,26,0,0
0.6057748193568872,80,0.005505799160420821,4,44,39,17.903098213595015,0.5688127364338729,10,1,1
0.23722679173599448,-58,0.0076640326492253275,8,25,53,23.657943247392186,0.8677231528050924,14,0,1
0.10178247262040374,25,0.21906880910185778,1,27,26,4.053682356719454,0.43211623680192934,19,0,1
0.15285913918433203,-51,0.03672136250082114,7,31,46,5.03058575553891,0.9665907702233167,30,0,1
0.24595772838450813,-72,0.10802575413069138,4,44,14,18.129591570717878,0.45221510010171806,5,1,1
0.16068137325955567,84,0.3388606493387516,1,1,54,8.918325069204911,0.14278563666788469,31,1,0
0.18656702405130576,-62,0.8025856795798129,9,30,45,6.87032933595208,0.38943468007767323,7,0,1
0.2850951686938471,83,0.5720486433693008,5,2,44,3.8265994762143194,0.9517024063905372,19,0,0
0.17337359529475482,70,0.5126677259564164,9,7,24,3.4587809517102377,0.31972084933985423,31,1,1
0.8967654246264252,77,0.29348882320812164,7,23,41,19.26419766551561,0.8680981598670628,24,1,0
0.08023374566164221,50,0.9317537194328164,3,14,1,5.82310197476055,0.8812506816818898,34,0,1
0.5245113895702547,71,0.39701504123719167,1,42,51,12.822132935394169,0.35018652433196107,23,1,0
0.4103968269896615,-63,0.08709276679577149,4,30,43,15.723833118769143,0.08325765805063212,6,1,1
0.9823786169086064,-17,0.6170665161178013,1,8,55,11.995387811945772,0.7245579091588182,27,1,0
0.11203890216805235,50,0.11383839347660141,1,38,22,3.569239699060895,0.311512299013986,11,0,1
0.39785559904574164,27,0.3452231428016921,5,44,23,19.453531554346085,0.7829236142575724,5,0,1
0.9694704332753689,25,0.5074119387178089,9,1,56,3.220777715374723,0.4426548482604331,17,1,1
0.8655071258939803,-56,0.8742225246851758,8,7,54,18.999687781927165,0.48526674234262157,7,0,1
0.8170720709492799,-49,0.49354658034011867,3,6,19,21.759394369550577,0.7779094067485368,27,1,1
0.25790282704493983,-21,0.7022587660316643,5,43,18,12.089638342200619,0.3823633310616279,15,1,1
0.17088758739006582,77,0.9928168389990704,6,38,12,14.246391935053763,0.44312734532291453,13,0,1
0.668643219924431,23,0.13148911989798162,5,41,55,13.01665124497073,0.37619046876962214,11,0,1
0.9293759891275858,18,0.2747315255195195,7,15,28,11.173380991092214,0.36734051527727996,26,0,0
0.5567628930139298,-93,0.3945760755976464,3,34,28,21.635915242777564,0.5259465769014594,22,1,1
0.5716126894698998,-16,0.42182817853883137,0,29,59,21.7726037240698,0.8087994445011507,28,1,0
0.2799790936602842,28,0.41102107526554577,6,9,33,10.052143657472225,0.36176831192256587,24,0,0
0.7694929331919369,-93,0.9076110025565549,2,37,19,15.916464834308657,0.5242547205377367,29,0,0
0.18704374855752337,56,0.7140326444668564,5,17,28,22.465058805063148,0.6707273254426008,9,0,0
0.3236792364042437,-5,0.6079052140907037,1,49,59,23.20322847776838,0.269439446303655,4,1,0
0.4254364386164168,1,0.3093727178627821,8,4,52,13.688139848862999,0.27752280490239256,18,1,0
0.507610378684455,-96,0.8237903842212947,0,28,49,12.509320910970862,0.9334131270234548,16,1,0
0.24240973241508024,-15,0.9550605114849889,5,38,37,8.852580634499041,0.7235345733310886,33,0,1
0.11483682473920354,74,0.8211982825502265,5,33,26,23.13630933699861,0.5771866762233089,29,0,1
0.6106200424416326,-67,0.0015651051914729042,4,42,35,5.999100393930215,0.647720054420612,10,1,1
0.28863055324025577,92,0.636401370183407,4,44,34,15.176421097002224,0.029299443103418366,9,0,0
0.5812382214226123,-46,0.051135381442100725,0,22,35,8.933555617891416,0.6181029655616969,31,0,0
0.1543627152742023,18,0.25760722033372185,9,4,40,8.859174097303729,0.5095088732242019,28,0,1
0.4811401018548175,70,0.059524700347771686,4,29,16,11.504340334899958,0.5457496797794357,3,0,0
0.5325894325515859,57,0.6037954529493877,1,5,38,23.974651652128745,0.3594238268308171,14,1,0
0.05182353682242691,13,0.6865899134926068,6,45,13,4.154292443636264,0.08147389771294189,25,0,1
0.3366042781939206,44,0.11448763806590512,2,43,23,15.14937818227416,0.19333923361205219,15,1,1
0.13441467693897424,-75,0.3838388830449795,3,3,54,4.734015318740821,0.9507447132126717,2,1,1
0.06337497047276774,35,0.456236508955542,2,28,22,6.244937429800898,0.40869956227093396,24,0,0
0.9899602323899452,-54,0.3690530217609166,2,22,16,12.230821777230872,0.46668315583086417,14,1,0
0.32235384497472297,12,0.12102500048519305,3,5,28,13.719662758275268,0.05270978985343899,7,1,1
0.8098744458546349,-25,0.4189477901874754,4,31,48,8.434640575655003,0.03756622954398059,24,0,0
0.25464065476376385,-29,0.7511780478084181,0,41,35,9.64559974836274,0.7171814470467577,27,1,0
0.6815027222239293,-12,0.07100766453325547,3,17,45,4.826307425374594,0.5380946641211113,30,1,1
0.7602278598896866,-55,0.08018001408190345,7,14,46,9.367615460729262,0.5087059842162667,27,1,1
0.5956387406078443,95,0.3547712918359842,9,39,8,23.297727226991427,0.24312453042266868,15,1,0
0.47157618855015837,-68,0.941725711618925,6,31,44,22.838855015122114,0.7447507316299222,26,1,1
0.41184091414726853,-100,0.668572646722914,8,8,55,10.032444092876684,0.16823657910849188,1,1,1
0.3488682665429953,46,0.6786699566725648,4,36,55,14.987932661853993,0.18993474366102003,4,1,0
0.9295291442478258,-70,0.36191999083786497,9,9,22,22.10150321332983,0.46071217134827547,29,1,1
0.8306194077877291,41,0.5936607912085384,3,19,21,3.1298602754588303,0.2862798621119409,1,0,0
0.9650269106665126,-48,0.010131184027743378,7,5,26,20.02435497708943,0.24746298123314636,22,0,1
0.12429722348554473,-53,0.6360960464095422,8,47,40,22.9157606085673,0.6452376445533317,11,0,1
0.7308674752036443,-32,0.9132869475762367,6,2,21,4.917840421004698,0.6509717452185445,10,1,1
0.9383404568210378,4,0.6125734683448192,6,41,25,6.390401406691342,0.8245170697999292,17,1,1
0.18123306616566015,-11,0.873698593466345,4,10,41,23.175672358198465,0.41770856697297587,26,1,1
0.0664962673667775,89,0.7239730554660938,3,42,1,14.288343016447273,0.07308509102615024,21,0,1
0.741120649290059,93,0.12055841640369025,9,16,6,3.2981293239061977,0.2736663849214577,13,0,0
0.5744731131799119,91,0.9024533072858417,0,31,23,8.410271974034112,0.9800054631968169,9,0,0
0.8418287767582721,97,0.06644384435577488,9,3,51,12.448817159646051,0.5962585752327021,11,1,0
0.1397723766262895,-38,0.5339674725477638,9,3,23,17.55108713152012,0.7097370848010203,11,0,1
0.7952673118598902,-28,0.14213712379345766,6,16,43,18.396367940872793,0.007357829625414536,6,0,1
0.20162732004774453,60,0.011706610730904066,0,40,43,23.903851771434578,0.5182057321825209,1,1,1
0.1636559428657045,68,0.422034260127639,0,18,23,9.037735187058939,0.03752865753180312,6,0,0
0.16426579793099294,-12,0.29504070765415624,4,4,32,14.30262213923798,0.569230212091448,13,1,1
0.8145747202313821,75,0.486000493797603,8,31,30,14.199794505051706,0.9207708496360754,22,0,0
0.6651972206962001,-88,0.5771998867345508,5,21,13,11.518550448391988,0.9684191305004078,31,1,1
0.5230654247691193,-28,0.04373907230894736,2,5,43,6.552399770690824,0.5405526753889242,22,1,1
0.3588304841235025,-24,0.12300329512374564,2,34,18,23.526587826860695,0.45820480525221596,27,1,1
0.8772005408131083,58,0.5586423964504253,6,21,23,20.919660919998307,0.945017094248494,14,1,0
0.3924451074226354,-33,0.34316735317265823,5,0,15,13.464993594178981,0.6736098319966951,5,1,1
0.8165994394715771,-3,0.729173487549448,8,19,33,15.668153876364626,0.06489927953840946,32,0,1
0.4391349085702184,24,0.6522916485919397,5,21,21,7.772482124752909,0.46572557766749756,34,1,1
0.3769444294249076,1,0.8456043629899068,4,47,57,14.419528478226685,0.2402450184643039,7,1,1
0.46267978566960644,31,0.6924928266692253,9,10,39,17.594372795550992,0.46980432144868156,10,1,0
0.3013778741641421,1,0.42993107739014813,6,12,23,13.818507596118364,0.45546557200636173,17,1,1
0.7476093801762511,-82,0.6729666223944324,0,41,27,23.795988582283766,0.582144802814742,30,0,0
0.5027203900924792,97,0.2753811742554185,6,2,45,15.83817478120225,0.35677049034925123,21,1,1
0.2322126951468173,-19,0.3063134987782127,2,8,44,10.79044796443555,0.16427044945592806,13,0,0
0.8995745732745685,40,0.7889851599207933,8,11,18,19.2151925799326,0.5037194345899563,1,1,0
0.3838912213732114,-78,0.4464195164015822,5,22,24,6.579712743214483,0.8302028843457621,1,1,1
0.5435528611139886,-18,0.7983803405183525,8,13,51,11.074832087831597,0.6640122280676023,33,0,0
0.9064721109645469,8,0.8224223736682784,4,32,47,10.286137957929302,0.33836786592521584,25,0,0
0.6242379959139921,-26,0.8575623376612838,6,17,40,12.067948997263322,0.9355230227588572,26,0,0
0.11689804070836407,28,0.9166352358412073,3,48,51,19.417376344503253,0.9122075712491822,13,1,1
0.9398321236134751,-13,0.43098522051329624,6,40,42,13.167633675431556,0.20934839938409877,28,0,0
0.6277080530714179,-47,0.31886681832113883,0,8,7,19.674303455585218,0.039417585120362975,33,1,1
0.3349056146570861,98,0.5821987465941139,6,22,50,15.106266965937184,0.7413087083507622,30,0,0
0.13927207266338726,-12,0.3711724234376276,7,9,48,10.183458127808663,0.8276102613491533,8,0,1
0.794025189270296,42,0.601074166800233,4,18,20,20.00955361735292,0.9678645659513553,1,1,0
0.6200727559285135,-36,0.7055858626438246,1,46,27,8.004083081614922,0.8898363940883107,12,0,0
0.5334610919763215,-25,0.6884050184921369,4,4,6,7.712042575795706,0.6005347682064148,5,0,1
0.8938925830509576,98,0.37455288702012135,5,46,27,13.594561405151552,0.5300523392123808,24,1,0
0.7885972112245307,42,0.16686020169875282,1,22,9,8.477834165203866,0.02784105126258629,6,1,1
0.15167487973275118,48,0.43052933846220753,5,29,53,3.1908277339755426,0.24665644684477783,25,1,1
0.31172206779554823,46,0.14259414408190874,5,24,45,16.61424807327483,0.45961475173292643,1,0,1
0.24848913981446574,-41,0.8900970351838083,0,27,57,13.732970250920358,0.6285039000835678,25,0,0
0.743946292572677,-8,0.3458774607378574,0,33,31,12.355874104356385,0.5572518333184107,1,0,0
0.03353243473577938,60,0.15445974722332378,9,44,21,23.306338806984623,0.7426359896816905,32,0,1
0.5698896848713165,-52,0.025447759905750877,2,47,26,14.995182863221187,0.27976693088704085,3,0,1
0.7624586857406905,-66,0.6458223862864843,9,46,40,21.132063133577073,0.5649526076524732,19,1,0
0.8767656367617495,71,0.6369023174547432,9,24,48,5.928454960308364,0.08814224339079213,29,0,0
0.34208174871590746,1,0.34060416658129167,2,9,45,14.95333572571798,0.41366552358320696,2,1,0
0.8212573046720129,-90,0.071711888847651,3,13,13,21.22757216134896,0.750160832954601,9,0,1
0.11063173695520723,-2,0.409628894895232,1,41,49,15.245220902877858,0.693400853429044,17,1,1
0.8464522917345182,99,0.3112174950633936,8,45,23,18.078297740667033,0.990642737172179,17,0,0
0.12748866233198242,9,0.6771206397350094,9,29,20,10.812914924056354,0.277891125987756,12,0,1
0.39728729056036727,-27,0.6057792494526903,6,40,37,4.9414398577783984,0.49818929917397914,20,1,1
0.7972953657795536,93,0.36459372819754,6,24,54,12.6159061976685,0.3295304137739967,3,0,0
0.14991742734877378,73,0.2178925542549901,5,13,53,11.284067207616008,0.44060311405917474,4,1,1
0.22925139523264149,-92,0.9880359661555919,2,34,28,21.208263829957893,0.8569501298693881,17,0,1
0.7222525683930663,-98,0.45400162119611487,5,47,17,8.123901349401917,0.6842090751884866,15,0,0
0.7200365365460744,-16,0.688274235780237,7,33,28,23.30141877823727,0.8824411913475817,33,1,1
0.6411476328852973,-75,0.14055296757836078,7,9,41,23.12090051589442,0.20351110833188646,16,0,1
0.6939484444671,-29,0.4855896996593978,8,34,2,8.200264504500213,0.873361117841438,11,1,1
0.5427244433475962,-53,0.027536719869465487,0,10,25,10.309091065023729,0.05976227417838442,20,0,1
0.25179905890695276,93,0.50545511791045,0,10,58,21.806670558351584,0.8885992804371524,24,0,0
0.34569599350391944,97,0.9640174071177023,2,20,50,23.299066638818257,0.3290737794607279,16,0,0
0.18159771680142567,55,0.3842067129858002,2,20,41,12.312221159556925,0.3145876334140665,30,0,0
0.9084505613336283,16,0.03899601257491159,9,21,6,9.740937958458854,0.5120885766986639,34,0,0
0.5833917947661205,53,0.03095579091934353,7,44,11,14.047974278282382,0.9406901877232318,1,0,1
0.4008514167636399,52,0.3879867599468695,9,6,57,17.44315333368043,0.04778136468140537,24,0,0
0.4620058036441327,-89,0.16002493646319405,0,16,38,8.742964822874576,0.3522309750707453,24,1,1
0.9472833396118153,32,0.023352096328185912,1,1,6,18.465936667000527,0.8565719886833357,9,0,0
0.1533514031160802,-53,0.7562136139501768,1,11,45,4.084804499407461,0.39605447743546673,22,0,0
0.5862298320167972,-64,0.4585230088818907,2,41,11,4.035184348052745,0.199156897597067,12,0,1
0.505888678884466,-57,0.2892447719726545,5,17,14,11.11204180805645,0.4247941813314118,17,1,1
0.6114542354346478,-86,0.9000831830164807,0,10,2,10.422937033275133,0.3855525014916693,25,1,0
0.01811018382084051,-58,0.11613896020052561,1,15,40,9.628297522710199,0.9154162014667034,28,0,0
0.8721239089441515,75,0.9559188289553192,0,48,3,13.31141501604711,0.7619343757430971,15,0,0
0.9321182824836124,-14,0.3139667173773528,4,17,55,9.735405228542996,0.5051155557440064,30,0,0
0.5651331835892089,-31,0.8884036723086812,6,34,53,7.037416287829931,0.9883705667215711,27,1,0
0.6966508238768923,-55,0.6029428764794615,7,25,35,9.498860530860618,0.4652775312759233,22,0,1
0.9224993811772957,7,0.8267073597414875,9,15,33,23.472989729014934,0.05823783082027523,10,1,1
0.7072386343133986,22,0.9840131632104643,0,5,24,11.63338175689182,0.2622743218149849,31,0,0
0.15253904291426135,70,0.2884054378187457,6,43,19,12.33896831402505,0.4360704802193126,27,1,1
0.5762883601668132,-80,0.961135485407593,4,42,18,15.10744478897394,0.1569026241461201,12,1,1
0.6067150463828559,50,0.38948189490242036,9,46,49,23.650156136698758,0.947565126324043,31,0,0
0.424130671302386,6,0.3855119047369223,0,46,52,8.073626805151022,0.7668488978177731,32,0,0
0.7364442356247228,-21,0.3403871042545057,2,47,24,17.30692432118111,0.26828720042777265,32,0,0
0.9343670147690148,-54,0.5414076073475852,6,41,45,18.035678564376205,0.5908045335179158,35,0,0
0.9255685129067763,16,0.1541450431784871,9,11,35,15.753812752654385,0.721449157109572,21,0,1
0.4508393714041321,23,0.5537114853580112,0,12,1,4.860145132369526,0.941278928906798,10,0,0
0.11323804584075525,42,0.541704812410004,6,3,36,17.214317792379106,0.8816353491754106,16,0,1
0.9848411989623346,-76,0.76190181260487,4,38,25,4.345988931759685,0.5151922261382137,7,1,1
0.8388980864459341,-65,0.8336499619375856,0,1,45,15.518995640547836,0.7746526197930176,4,0,0
0.12466268120326685,-50,0.44044135031242404,0,25,49,18.531204721656596,0.562144753827585,27,0,1
0.9208418826173723,-86,0.30233324935149375,0,26,43,7.430367703018959,0.5527038900455401,25,1,1
0.8698963620621283,-33,0.25933489731709447,8,26,34,20.674062158398254,0.1147419583381919,31,0,0
0.5188380571260721,-80,0.19462383670487193,2,14,25,3.6374299161930894,0.12613765801615207,11,0,1
0.5912754357449292,40,0.05764758219902488,4,7,16,20.72007013682443,0.5295336150224574,20,0,0
0.39900270387013026,-82,0.34244797883471334,9,6,34,12.666910063498067,0.2688615449790066,17,0,1
0.05476163882203133,-67,0.27024769213078326,8,46,29,7.569346738564534,0.02103690246046863,11,1,1
0.3351972416459009,-23,0.9664173858664074,5,45,19,5.809341044873328,0.7228392039002123,30,1,1
0.8028534485980114,24,0.5577088262500439,8,39,23,23.019450519229824,0.03248659669016496,35,0,1
0.004632023004602859,95,0.34727703903050755,7,11,19,4.525977339204291,0.5952768411040545,22,0,1
0.3334991716911442,16,0.580467600993696,7,12,25,7.180961818654439,0.5391937941273144,27,1,0
0.3981686935909433,-49,0.1391967013456955,0,42,16,10.304269296093965,0.9688146905778044,35,0,0
0.5373956029379229,-74,0.4440437492022029,8,16,54,16.02493182818353,0.48421313934764165,4,1,0
0.9198556164127605,56,0.6262343214210638,5,16,51,14.440822790798066,0.06360143637779736,16,1,1
0.34634599436596125,55,0.4888978317924514,8,35,9,5.638513340658593,0.5516879678064617,16,1,1
0.3469532018962277,-66,0.40177880065432425,2,20,1,9.084287658502507,0.8410961706161014,21,0,0
0.7375012481097484,35,0.9938483888996982,2,7,42,8.013787192806506,0.9968492842814399,26,0,0
0.45221794088980716,43,0.880314762148927,5,4,19,7.484399944297169,0.4303431736890725,19,0,1
0.22460482293998196,5,0.6234059581594401,8,25,33,11.634031066079729,0.3202987424967425,17,1,1
0.4524395161326934,63,0.5693773611822828,6,15,34,17.784660504424792,0.9066532969519989,26,0,0
0.14085702037979986,57,0.620660479824584,2,35,16,7.566511576561955,0.19124212907612137,22,0,1
0.1763869865062233,45,0.20131210782243325,2,27,44,10.70025647376261,0.6154289150329266,28,1,0
0.49836777273947974,-99,0.3951377432643186,1,28,40,11.209265963664407,0.4057144241809477,1,0,1
0.4189254495045479,76,0.03945953289089932,8,46,55,23.505587118143612,0.041082364955555284,2,0,0
0.9148459010681,-24,0.47554603748682667,2,11,18,23.047993494460446,0.34728847430569776,17,0,0
0.3623938991166331,31,0.5430245839576632,4,36,34,19.802889237793593,0.2652285225026746,21,1,0
0.5805883502780435,-11,0.2277497361032096,8,29,25,8.074837337202888,0.6860911539434869,9,0,1
0.6322642879195304,-12,0.9640288471655137,7,22,45,4.428783595925063,0.9487904976919181,13,1,1
0.013094456588333636,-7,0.909454610937242,1,15,6,9.65498689213312,0.26804718737863775,11,1,1
0.6635373720167106,-94,0.7221432354559059,2,13,21,8.602685538110448,0.8114659391516817,16,1,1
0.17803596686975143,-6,0.5333866287653626,1,9,58,13.624441803074271,0.05535981693840952,16,0,1
0.9610703174694551,7,0.869969159647685,7,6,6,19.332286111423656,0.5381210100398132,2,0,0
0.14866272775311296,-27,0.1306523438234629,5,44,32,21.02478171645602,0.07055006370989458,8,0,1
0.41462412372702373,-62,0.790509794274885,5,36,41,20.74214579362068,0.9340329911306393,13,1,1
0.08534966807864386,40,0.1248208139668483,8,28,48,10.553186785684423,0.7663512805573902,17,1,1
0.9968742518459474,58,0.7942106625494054,7,2,43,17.43192121267434,0.6579499112045923,24,0,0
0.5021950103312426,-30,0.27576756825135695,3,14,39,9.56951814800862,0.8238963816246643,3,1,0
0.5953850173200438,90,0.8770905810181889,3,35,31,4.279016407938837,0.6475197955701631,30,0,0
0.06707647738842748,-45,0.9440420938253978,8,46,42,17.73287057766179,0.9689443971742911,13,0,1
0.7499604703991778,69,0.14879596940511564,0,45,10,3.2063786039655446,0.7139579478647715,19,0,0
0.20990559309558576,88,0.4626756050653935,1,18,30,11.59283433662826,0.9246586095822468,7,0,0
0.8980542894407137,-59,0.9809873781626851,1,12,57,9.916964655343591,0.517131892010638,9,0,0
0.20513964048200717,83,0.4834074359731466,5,41,52,17.560928308895903,0.11706441298186265,19,0,1
0.19068772066366657,-65,0.8635475225145451,3,20,18,19.091154927967956,0.5281777214230171,22,0,1
0.03654966784809488,-17,0.5887315221313199,9,36,24,9.38598735539696,0.1268728280630933,18,1,1
0.47206694510999925,95,0.37532990791960186,2,26,52,20.044167303341926,0.592493479176405,23,0,0
0.5648411332626164,17,0.2857835555258702,2,28,9,9.17225197060361,0.48249306052766294,2,1,0
0.06570863942835237,-94,0.20322309108608727,2,19,31,12.372853559717786,0.6225753978327817,11,1,1
0.7755276166950106,-47,0.7617981913776972,5,24,15,18.26738906729681,0.010046981054831594,31,0,0
0.4532888347480276,28,0.3865405068230279,7,5,4,17.551324813720562,0.1948404916553641,33,1,1
0.52439026932758,71,0.5112754622007512,6,35,40,23.7347379185562,0.4913304319121309,14,1,0
0.44076274693822814,19,0.4923254800011819,3,1,9,7.72838150853457,0.9505035615891348,16,1,1
0.400763060875326,72,0.5772790292331312,3,21,45,16.908676184331227,0.3836090403551584,11,0,0
0.5596403313082179,5,0.8655771456245522,9,31,9,15.803320073791326,0.42437202605363467,33,0,1
0.1552402459307125,-54,0.9807393435834294,1,15,26,22.21706754429063,0.7146960890066222,7,0,1
0.18192813049527112,22,0.40758420857381694,0,17,4,6.283604974542376,0.603792757286118,31,0,1
0.8617856210135173,40,0.8275189221063031,8,4,17,18.787761435325592,0.29892615009833323,14,0,0
0.9461154621336327,18,0.7645277946547177,1,35,16,14.933640941644136,0.4108163955674278,28,1,1
0.37330931627975295,49,0.5735289514555733,7,29,15,8.767983265546015,0.21769979885723245,16,1,1
0.27074467314355377,17,0.9560471436119331,8,44,35,12.963133197090656,0.9660214591302085,19,0,1
0.6439995432390158,-80,0.20047451552840279,3,18,57,10.009308538465753,0.13063438155735974,17,1,1
0.4087341710980964,36,0.10926421030962141,7,22,52,15.165581458557678,0.37183678456641944,26,1,1
0.02538635566034486,-75,0.8539619669554221,8,33,5,21.669012827107984,0.02583897222001119,6,1,1
0.15615259736619036,-92,0.4391498166337483,9,12,55,14.955404672656242,0.2217794919335464,9,1,1
0.7159722288473975,-86,0.8469688542070605,9,42,5,16.266170784858264,0.7804711383801549,17,0,0
0.6589239419101514,-91,0.8930902051954149,4,28,20,13.893704789408899,0.20117523228887946,31,0,0
0.02709599250348349,21,0.06245759361907144,6,35,15,4.074475635354994,0.0800634025289656,12,0,1
0.22197216193294944,20,0.8834647629860607,9,21,18,7.890029694397979,0.4744531798445233,23,1,1
0.2310747965880714,24,0.4483190553694222,3,46,47,13.332036318073738,0.009969234734518495,5,1,1
0.6718927435987284,69,0.5104324890042322,0,35,2,9.5149409586388,0.08476615442633317,3,0,0
0.019710537754364155,-29,0.6265925110932102,2,8,29,6.817035552985079,0.8076258695629751,24,0,0
0.10410858198457384,51,0.9263826067300868,4,38,13,13.586789680287204,0.7714733448596064,17,1,1
0.7999160853731894,-52,0.01911609442976403,2,18,4,9.779005662404856,0.915138820404896,26,0,1
0.1785446620543336,53,0.4768434683178171,6,37,42,8.420260506641709,0.8545154359107495,4,0,1
0.6527461078518747,-10,0.6877220424305607,8,5,45,12.743693766247997,0.6831755632398181,12,1,1
0.23818278104672652,-64,0.7227069576982285,5,46,10,5.798969419725636,0.05233285730066284,1,1,1
0.09944139275934516,-33,0.692532431537108,9,14,31,22.482660394583554,0.7828486179866575,21,0,1
0.24317219099945409,-51,0.13443512940812186,0,19,41,21.22174405630402,0.8455108108405605,19,1,1
0.7222669318556592,51,0.29939558837168123,6,8,8,17.86003230055124,0.7990821457719545,21,0,0
0.8556964681062857,-82,0.35871552541701346,2,31,3,5.2304903793575805,0.5084790353080261,18,1,0
0.8302198645669916,-1,0.804437207679505,4,3,48,19.293422343863554,0.23290183864948166,3,1,0
0.3971835296184548,-41,0.278759872414553,9,49,46,19.967103890289398,0.8453299756887267,32,0,0
0.6680851365706462,66,0.21070496386720317,3,17,9,19.12305697200109,0.7271628097401385,10,1,0
0.20498429541582097,-12,0.9574480190380962,9,4,30,5.393283629504064,0.9807611743888516,15,0,0
0.29314773026101326,45,0.0088632851134689,4,19,53,16.522067098423058,0.15569259775593292,5,1,1
0.8963358185211198,46,0.9978208556819782,4,22,11,20.520820710737368,0.22566458305205506,4,0,0
0.013001923510736035,63,0.6768212988573956,5,10,35,15.124421425613022,0.2117981498815027,28,1,0
0.08550853085446808,82,0.8284692994491171,9,36,37,16.57455487978987,0.7925397676213367,4,1,0
0.20788625514602732,-32,0.29461939634619316,9,21,42,12.62563306795243,0.18690729645011817,15,0,1
0.026532203873819715,74,0.014315277667059978,5,3,13,14.102853717565106,0.0666598298233061,17,1,1
0.18143543508979731,-52,0.73786951856153,7,28,36,3.7219140253862295,0.9985608065856286,3,0,0
0.5830415609696922,7,0.8341445970006758,7,43,56,16.418223461438977,0.024817211445149145,10,1,1
0.42142455059249795,60,0.7404761319535191,8,33,13,4.7103914707143435,0.8352440601588657,23,1,1
0.8926717110769748,18,0.1428502873008386,7,12,12,12.13530648114469,0.3653668415506528,18,0,0
0.8174435617384409,48,0.7534279222569691,1,41,37,9.145757051015565,0.8416154597578153,1,1,0
0.34181735169787597,49,0.768922782107641,9,8,10,14.453986954445975,0.554620491211145,35,1,0
0.2594234334312925,75,0.6585405156700549,0,41,56,5.801743045987349,0.9016312294863601,31,0,0
0.3796924081672669,-64,0.7661159327955862,9,30,9,17.52451144143968,0.9261929864146267,1,1,1
0.5902949425148077,42,0.8459214396777321,1,6,52,19.69524227549788,0.009098181280775997,3,0,0
0.26806364082287626,62,0.6136041142374584,1,3,7,6.430443444606286,0.07541217599278827,3,0,1
0.624148907849134,98,0.08860471396967906,2,18,2,5.190574834389525,0.2503587295708555,19,0,0
0.4094116521912404,59,0.48762780966721087,9,41,54,6.0558251385345425,0.6693154163635017,29,1,0
0.5520471808519802,-90,0.07764933467160506,6,29,56,21.419678799868535,0.888272196511506,25,1,1
0.4361265291353167,37,0.40754303103243084,1,30,23,14.091974496883479,0.45994195129396276,33,0,0
0.29446575954191767,-23,0.40710648912562764,0,34,39,12.812480916157554,0.6069731162742654,29,1,1
0.9484533069621567,-24,0.06600984414024158,5,20,40,5.24094820114944,0.18849985279556114,26,0,1
0.7636057941597608,84,0.3488205339694793,8,30,39,16.640676141896197,0.8049668338816853,4,1,1
0.14011317576645255,52,0.11099809879131484,2,18,21,21.227991429796887,0.9673281113534697,14,0,0
0.8684679758979128,-99,0.8082352100092222,5,30,23,20.391903255792514,0.26859893291459747,27,0,0
0.48743119824951364,-37,0.9476880259644708,2,31,29,16.147148888596828,0.4948259516005463,33,1,1
0.8945522268940914,-66,0.0723164752579386,0,1,14,4.580853049685146,0.0861161105063738,22,0,1
0.7998552559473152,-94,0.9551152072917014,4,9,26,5.360337570696272,0.5591366564629684,3,0,0
0.42521350446923345,-16,0.5225765993367452,9,1,51,4.035488729306318,0.5027834418466806,23,1,1
0.022469308320117398,45,0.2995656779538739,3,1,5,8.407063546341856,0.1444364841550776,21,0,1
0.2686773593849461,-34,0.07686207527616351,6,23,55,5.848890810367933,0.44206621311807504,23,0,1
0.5416342146608669,-59,0.5006242680704178,5,16,31,8.461008845301112,0.33410465208656326,4,1,0
0.6334782198261473,17,0.7945155444907487,9,31,25,11.086219170098195,0.5218308753051893,21,0,0
0.2578876854332023,24,0.7070864772666982,6,15,31,22.80263846549385,0.5856543354287992,31,0,1
0.13935607407282413,66,0.05022601146397376,4,15,50,15.817897255415534,0.008495578607209509,21,0,1
0.8349302367992991,68,0.07290183536790351,3,45,20,20.53444949934221,0.7610059829495553,26,0,0
0.9844021807035521,-77,0.4028732826326371,6,38,44,17.917381514958976,0.7130142918617408,35,0,0
0.5256901823026858,87,0.2952904940479433,6,30,55,5.362565741059266,0.3662863862065222,24,0,0
0.1716792858483035,-55,0.23238432305604784,5,42,17,18.454328533852927,0.05293593556881826,11,0,1
0.27230732651936895,-82,0.2810044989087136,7,23,45,8.777076512741612,0.7549325397850504,29,0,0
0.018390676547466733,-33,0.8034827432968846,3,0,2,16.421264786888834,0.9551751604781324,3,1,1
0.914298806560499,1,0.9292280536318539,9,10,25,10.160201446502759,0.2401515960220142,1,0,0
0.11775108289014113,-59,0.4051026945275664,4,20,13,23.951117528557845,0.3235246137370379,19,0,1
0.5765164755142536,-69,0.9061110021324971,3,3,58,8.534581069432335,0.18381288948181496,22,1,1
0.274055220687206,66,0.32149570124788196,0,6,39,8.861739886259663,0.5769361233448397,14,0,0
0.5541780025157934,8,0.4764369863437916,7,25,28,22.544117366810365,0.15484139464745494,14,0,0
0.6514203883518642,-65,0.22602899781599972,0,46,42,3.517532497362776,0.35619394346137945,16,0,1
0.8297418037072016,-4,0.640476042175844,4,49,55,17.630468745337133,0.697013013934263,33,0,0
0.2064212717606032,63,0.9789811151748089,5,11,6,18.23185420545344,0.5601159830093484,13,0,1
0.010995828658480478,30,0.6034930960433786,5,30,3,20.563950125618387,0.38646256432793524,12,0,1
0.13688563006880727,-28,0.35781408411354887,4,16,58,23.46322552340798,0.4202496018075419,33,1,1
0.9000186418481051,35,0.6478174459905284,2,32,35,23.4876403022897,0.5621108826232295,33,1,0
0.8738900775625152,-4,0.12292067846538757,4,10,18,4.370811908895742,0.005864727887161303,29,1,1
0.5974131021703083,22,0.8886590802653986,7,27,11,20.258625777810952,0.07850986845360985,5,1,0
0.6005168604336534,-31,0.5030839507798364,1,31,54,16.57250860680501,0.8812580677630116,6,1,1
0.6650366745462555,68,0.44934974203964206,5,0,20,16.594184821834915,0.07787898909129076,31,0,0
0.1753712786234496,95,0.5858647884535192,8,46,5,5.69534845890859,0.7068035962105051,16,0,1
0.9144119459249598,-88,0.6247838627894025,7,27,19,16.653930495358722,0.9200381641090526,31,0,1
0.4187705248920731,-52,0.07177580622651303,7,41,22,23.632134192626204,0.2706836043017311,25,0,1
0.38313852824949746,-41,0.6826172212234024,7,6,59,22.148189960328388,0.37049143705951426,33,0,0
0.5189177052828375,29,0.24193168031552958,6,1,19,12.221743876901861,0.5689214058447163,13,1,1
0.046965966775055046,87,0.7139526325065898,7,41,47,3.838907439007981,0.8817089696385847,10,1,0
0.1662833687560794,-96,0.8225347943841967,5,23,16,10.608163290004303,0.9419055872604202,24,0,0
0.7380336164263704,71,0.8039585075525203,1,3,24,20.35419654361166,0.7395632481112681,10,0,0
0.08279866792512647,-74,0.5525009674078891,1,43,41,17.731481130768486,0.08661976085469403,31,0,1
0.6031521094663882,59,0.5201698923107512,7,18,4,12.646216767473085,0.6691541555348508,13,1,0
0.24534910968132095,48,0.14287596133941172,0,25,15,4.157132238335453,0.41030372187266206,3,1,1
0.38929561404197655,-93,0.7753461504031356,5,10,25,11.964789284289354,0.4707009994910616,34,0,1
0.28869373677069987,99,0.27140938044671437,5,39,44,12.849523734075554,0.04914839034517704,28,1,1
0.35567271646494913,-51,0.49669542281794654,3,49,55,22.499666190776853,0.19106213934635818,19,0,1
0.7190459051842455,-34,0.2842740929275167,9,42,35,16.462808175225348,0.7905136075336477,23,1,1
0.297121715623175,-57,0.13382836299969314,2,10,55,9.544711249747627,0.4539588330478598,32,1,1
0.5664046402968972,24,0.6295576968917366,2,44,14,14.031683553465149,0.30166224163114885,13,0,0
0.47605040219909966,-43,0.05433203482290383,0,2,49,4.387161464265361,0.38401907396495816,33,1,1
0.6636711653626481,-98,0.7486452341262,2,11,19,23.423932948644474,0.8543995133256802,34,1,0
0.936829739324758,-15,0.31758679526111666,3,2,38,10.561257940545246,0.7489990174049569,33,0,0
0.7325720972102503,-31,0.00013469300448532007,4,41,36,13.035214453175852,0.2723153971810828,5,1,1
0.21494037859075676,29,0.5111291392372298,2,26,7,10.460963458975375,0.11750184021237331,3,0,1
0.031183135061284672,71,0.046851908527603126,5,48,30,17.332746332440202,0.2519982216440717,7,1,1
0.2622640442998251,-99,0.27616955782089947,4,1,19,16.906875324921455,0.9207564510547337,24,0,0
0.5950779307002548,1,0.7069764874557162,2,48,49,18.02176852111185,0.5815888378497553,22,0,0
0.05142581348425035,-66,0.06268962162186587,5,15,25,8.631007821850337,0.5334802087447829,23,1,1
0.49636624720123634,-3,0.8393384923560023,5,1,16,9.629038104445385,0.5963935996924615,30,1,0
0.5968428489168892,-71,0.003819922658583108,7,29,47,5.6302758530203665,0.36602826574651526,18,0,1
0.3342438908169608,15,0.24682386920190225,1,19,54,16.765709408768366,0.8071070203195128,32,1,0
0.7709122037458219,-93,0.7409040561520714,0,37,40,3.8357396740487033,0.5232862493002498,7,1,1
0.1065982531337718,49,0.3162701497293068,3,27,51,15.55132904599264,0.11674790276879554,33,1,1
0.07513778173580876,-57,0.10189238806601353,6,24,8,21.26361358188431,0.12906512482906296,5,0,1
0.7281887562036033,85,0.3602339188004279,9,31,18,21.707475114082303,0.5368591465026183,28,0,0
0.49549131620619846,-65,0.27039328638452553,2,9,28,12.429792967769195,0.9365702180708392,8,0,0
0.688402396427736,96,0.8427119021605549,2,41,16,12.645377452474548,0.30835212167619874,15,1,1
0.4348273386037462,-24,0.31334791758514313,4,39,52,4.6163528431683645,0.8695411688592183,4,1,0
0.2464020332391068,-70,0.7889324717760072,4,32,19,17.08606553430375,0.7640955865788793,34,0,1
0.8191023176741997,-54,0.8918721448107347,9,12,42,20.246447827829755,0.24781244290690685,5,0,0
0.7994158789689793,-46,0.43381741957652953,2,40,17,8.137756146698974,0.036340748316242455,33,1,0
0.6946964708544268,5,0.909943143854392,8,41,45,11.847318514300659,0.10184726514238274,5,1,1
0.2721451372299627,89,0.37731805396319285,3,46,13,20.615626072070675,0.7284939338474402,34,1,1
0.5902306668690871,57,0.9640784164901082,2,36,7,21.41952982090805,0.1996697380406467,26,1,1
0.3609738969400268,20,0.08928952452557293,1,15,27,8.106779585548745,0.3712709205053938,1,0,0
0.09158207332663415,-46,0.6870192665032427,9,44,10,14.561983325368649,0.5016991660064248,4,1,1
0.9173135754622428,43,0.49381404045692867,8,21,34,7.042356163352368,0.7254681684501628,26,1,0
0.1368186309189614,-89,0.38764880545564706,3,19,36,5.1394540469306875,0.11323122325912538,33,0,1
0.9502373538208024,44,0.6327118787486009,2,49,25,22.13353052923111,0.4063664052774615,33,0,0
0.44600577295795574,43,0.7038570916343312,6,42,6,20.230657588874294,0.4850729091426954,8,1,1
